relationship	name	website	twitter	city	country	continent	lat	lon	relationship_value
Open leaders	2iLabs	http://2ilabs.com/	2iLabs	Lagos	Nigeria	Africa	6.45	3.4	4
None	7amleh-Arab Center for Social Media Advancement	https://www.apc.org/en/member/7amleh-arab-center-social-media-advancement	7amleh	Haifa	Palestinian territories	Asia	32.8	34.98333333	1
Mozfest Facilitator	A Little Learning	https://www.alittlelearning.org/	ALL_educators	London	United Kingdom	Europe	51.50722222	-0.1275	4
Mozfest Facilitator	Access Space	http://access-space.org/	accessspace	Sheffield	United Kingdom	Europe	53.3825	-1.471944444	4
Grantees	Accessnow.org	http://www.accessnow.org/	accessnow	New York City	United States of America	North America	40.67	-73.94	5
IHR Contributors	Accessnow.org	http://www.accessnow.org/	accessnow	New York City	United States of America	North America	40.67	-73.94	4
Mozfest Facilitator	Accessnow.org	http://www.accessnow.org/	accessnow	New York City	United States of America	North America	40.67	-73.94	4
None	Accessnow.org	http://www.accessnow.org/	accessnow	New York City	United States of America	North America	40.67	-73.94	1
OWF Host Org Applicants	Accessnow.org	http://www.accessnow.org/	accessnow	New York City	United States of America	North America	40.67	-73.94	3
OWF Host Org Applicants	ACLU of Northern California	https://www.aclunc.org/	aclu_norcal	San Francisco	United States of America	North America	37.766667	-122.433333	3
Mozfest Facilitator	Acuity Design	http://www.acuitydesign.eu/	Acuity_Design	Brighton	United Kingdom	Europe	50.82416667	-0.1338888889	4
None	African Internet Freedom Forum	https://pinigeria.org/iff/	paradigmhq						1
Mozfest Facilitator	Afrosoft IT Solutions	http://www.afrosoftug.com/	afrosoftug	Kampala	Uganda	Africa	0.3136111111	32.58111111	4
Grantees	Agape Werks, Inc.	https://chicagocityoflearning.org/	ExploreChi	Chicago	United States of America	North America	41.9	-87.65	5
None	agile ventures	https://www.agileventures.org/	AgileVentures						1
Mozfest Facilitator	AHRC Digital Transformations Theme, University of Glasgow	https://ahrc.ukri.org/	ahrcpress	Glasgow	United Kingdom	Europe	55.87	-4.27	4
None	ai now	https://ainowinstitute.org/	ainowinstitute	New York City	United States of America	North America	40.67	-73.94	1
Mozfest Facilitator	Aletheia Foundation	https://aletheia-foundation.io/	aletheia_f						4
Open leaders	Aletheia Foundation	https://aletheia-foundation.io/	aletheia_f						4
OWF Host Org Applicants	Alexander von Humboldt Institute for Internet and Society	http://www.hiig.de/en/	hiig_berlin	Berlin	Germany	Europe	52.51666667	13.38333333	3
Funders	Alfred P. Sloan Foundation	https://sloan.org/	SloanFoundation	New York City	United States of America	North America	40.67	-73.94	5
None	Alfred P. Sloan Foundation	https://sloan.org/	SloanFoundation	New York City	United States of America	North America	40.67	-73.94	1
None	All Digital	all-digital.org	AllDigitalEU	Brussels	Belgium	Europe	50.8467	4.3547	1
Grantees	All Digital	all-digital.org	AllDigitalEU	Brussels	Belgium	Europe	50.8467	4.3547	5
None	Alliance for Affordable Internet (A4AI)	http://a4ai.org/	a4a_internet	Washington, D.C.	United States of America	North America	38.895	-77.03666667	1
None	Allied for Startups	http://alliedforstartups.org/	Allied4Startups	Brussels	Belgium	Europe	50.8467	4.3547	1
None	allied media corp	http://www.allied-media.com/	alliedmedia	McLeansboro	United States of America	North America	38.09305556	-88.53611111	1
None	allied media projects	http://www.allied-media.com/	alliedmedia	McLeansboro	United States of America	North America	38.09305556	-88.53611111	1
None	AlterMundi	https://www.altermundi.net/	AlterMundiNet		Argentina	South America			1
None	Alternative informatics association	http://www.alternatifbilisim.org/	altbilisim	Istanbul	Turkey	Asia	41.01	28.960278	1
None	Alternatives	http://www.alternatives.ca	alternativesMTL	Montreal	Canada	North America	45.508056	-73.555	1
Mozfest Facilitator	Althea Mesh	https://altheamesh.com/	Altheamesh						4
OWF Host Org Applicants	amandla.mobi	https://www.amandla.mobi/	amandlamobi	Johannesburg	South Africa	Africa	-26.145	28.05027778	3
Mozfest Facilitator	American Civil Liberties Union	https://www.aclu.org	aclu	New York City	United States of America	North America	40.67	-73.94	4
Mozfest Speakers	American Civil Liberties Union	https://www.aclu.org	aclu	New York City	United States of America	North America	40.67	-73.94	4
None	American Civil Liberties Union	https://www.aclu.org	aclu	New York City	United States of America	North America	40.67	-73.94	1
Open leaders	American Civil Liberties Union	https://www.aclu.org	aclu	New York City	United States of America	North America	40.67	-73.94	4
Mozfest Facilitator	And Also Too	https://www.andalsotoo.net/	thisalso	Toronto	Canada	North America	43.7	-79.4	4
None	apc	https://www.apc.org/	APC_News	Melville, Gauteng	South Africa	Africa	-26.17583333	28.00888889	1
Funders	APS Foundation	https://www.aps.com/en/communityandenvironment/charitablegiving/ourgivingprograms/Pages/foundation.aspx	apsfyi	Mesa	United States of America	North America	33.415	-111.8313889	5
Grantees	Ardent Film Trust	http://www.ardentfilm.org/	ardenttalentco						5
None	Arid Lands Information Network	http://www.alin.or.ke/		Nairobi	Kenya	Africa	-1.283333333	36.81666667	1
Mozfest Facilitator	Arribada Initiative & Naturebytes	http://naturebytes.org/		London	United Kingdom	Europe	51.50722222	-0.1275	4
Grantees	Art 120	http://art120.org/about	art120org	Chattanooga	United States of America	North America	35.04555556	-85.26722222	5
Mozfest Facilitator	ARTICLE 19	http://www.article19.org/	article19org	London	United Kingdom	Europe	51.50722222	-0.1275	4
OWF Host Org Applicants	ARTICLE 19	http://www.article19.org/	article19org	London	United Kingdom	Europe	51.50722222	-0.1275	3
OWF Host Org Applicants	Asociación por los Derechos Civiles	http://adc.org.ar/	adc_derechos	Buenos Aires	Argentina	South America	-34.59972222	-58.38194444	3
None	Aspiration Tech	https://aspirationtech.org/	aspirationtech	San Francisco	United States of America	North America	37.766667	-122.433333	1
None	Associació Pangea - Coordinadora Comunicació per a la Cooperació	http://www.pangea.org	pangea_org	Barcelona	Spain	Europe	41.3825	2.176944444	1
Mozfest Facilitator	Association for Learning Technology	https://www.alt.ac.uk/	A_L_T	Oxford	United Kingdom	Europe	51.75194444	-1.257777778	4
None	Association for Progressive Communications (APC)	https://www.apc.org/	APC_News	Johannesburg	South Africa	Africa	-26.145	28.050278	1
None	Astraea Lesbian Foundation for Justice	http://www.astraeafoundation.org/	AstraeaUpdates	New York City	United States of America	North America	40.67	-73.94	1
Open leaders	Asuntos del Sur	http://asuntosdelsur.org/	asuntosdelsur						4
Grantees	Austin Free-Net	http://austinfree.net/	austinfreenet	Austin	United States of America	North America	30.3	-97.73333333	5
None	AZUR Développement	http://www.azurdev.org	azur_dev	Brazzaville	Republic of the Congo	Africa	4.266667	15.283333	1
Mozfest Facilitator	Balochistan Voices	http://balochistanvoices.com/	Bal_Voices	Gulistan, Balochistan	Pakistan	Asia	30.605	66.58527778	4
None	Bangladesh Friendship Education Society	http://www.bfes.net/		Dhaka	Bangladesh	Asia	23.7	90.36666667	1
Mozfest Facilitator	BBC R&D	https://www.bbc.co.uk/rd	bbcrd	London	United Kingdom	Europe	51.50722222	-0.1275	4
OWF Host Org Applicants	BBC R&D	https://www.bbc.co.uk/rd	bbcrd	London	United Kingdom	Europe	51.50722222	-0.1275	3
Funders	Berkman Klein Center for Internet & Society	http://cyber.law.harvard.edu/	BKCHarvard	Cambridge	United States of America	North America	42.375	-71.10611111	5
Mozfest Facilitator	BetaNYC	https://beta.nyc/	betanyc	New York City	United States of America	North America	40.67	-73.94	4
Open leaders	BetaNYC	https://beta.nyc/	betanyc	New York City	United States of America	North America	40.67	-73.94	4
Open leaders	Beyond Activismo	https://beyondactivismo.org/	beyondactivismo						4
Grantees	Big Bang IO LLC	https://getbigbang.com/	getbigbang	Kansas City	United States of America	North America	39.05	-94.58333333	5
Funders	Bill & Melinda Gates Foundation	http://www.gatesfoundation.org/	gatesfoundation	Seattle	United States of America	North America	47.6	-122.3166667	5
None	Bill & Melinda Gates Foundation	http://www.gatesfoundation.org/	gatesfoundation	Seattle	United States of America	North America	47.6	-122.3166667	1
Mozfest Facilitator	Bionode.io	https://www.bionode.io/	bionode						4
None	Bits of Freedom	https://www.bof.nl/	bitsoffreedom	Amsterdam	Netherlands	Europe	52.38333333	4.9	1
OWF Host Org Applicants	Bits of Freedom	https://www.bof.nl/	bitsoffreedom	Amsterdam	Netherlands	Europe	52.38333333	4.9	3
None	bk public libraries	https://www.bklynlibrary.org/	BKLYNlibrary	New York City	United States of America	North America	40.67	-73.94	1
Mozfest Facilitator	Blue Link Labs	https://bluelinklabs.com/		Austin	United States of America	North America	30.3	-97.73333333	4
None	BlueLink Information Network	http://www.bluelink.net	BlueLinkNet	Sofia	Bulgaria	Europe	42.7	23.33333333	1
Open leaders	BosLab	https://www.boslab.org/	BosLabMA	Boston	United States of America	North America	42.35777778	-71.06166667	4
Open leaders	Breakthrough New York	http://www.btny.org/	BreakthroughNY	New York City	United States of America	North America	40.67	-73.94	4
Grantees	Bro	https://www.bro.org/	Bro_IDS						5
Grantees	Brooklyn On Tech	https://technical.ly/organization/new-york-on-tech/		New York City	United States of America	North America	40.67	-73.94	5
Open leaders	Brooklyn Public Library	http://www.brooklynpubliclibrary.org/	BKLYNlibrary	New York City	United States of America	North America	40.67	-73.94	4
OWF Host Org Applicants	Brooklyn Public Library	http://www.brooklynpubliclibrary.org/	BKLYNlibrary	New York City	United States of America	North America	40.67	-73.94	3
Grantees	Buildbot	http://buildbot.net/							5
Grantees	Building Beats	https://buildingbeats.org/	BuildingBeats	New York City	United States of America	North America	40.67	-73.94	5
Mozfest Facilitator	BuzzFeed Open Lab	https://www.buzzfeed.com/openlab	buzzfeed	New York City	United States of America	North America	40.67	-73.94	4
None	Bytes for All, Bangladesh	http://bytesforall.net/	bytesforall	Dhaka	Bangladesh	Asia	23.7	90.36666667	1
Grantees	Caddy	https://caddyserver.com/	caddyserver	Orem	United States of America	North America	40.298753	-111.696486	5
None	CAFFE (Computers Are Free For Everyone)	http://www.caffebd.org/	caffebd	Dhaka	Bangladesh	Asia	23.7	90.36666667	1
Open leaders	Camera Libre	http://www.cameralibre.cc/	cameralibre	Wellington	New Zealand	Oceania	-41.28888889	174.7772222	4
Open leaders	Camfed International	https://camfed.org/	camfed	San Francisco	United States of America	North America	37.766667	-122.433333	4
OWF Host Org Applicants	Canadian Civil Liberties Association	http://www.ccla.org/	cancivlib	Toronto	Canada	North America	43.7	-79.4	3
Funders	Canadian Internet Registration Authority	https://cira.ca/	ciranews	Ottawa	Canada	North America	45.41666667	-75.7	5
None	Canadian Journalists for Free Expression	http://www.cjfe.org/	CJFE	Toronto	Canada	North America	43.7	-79.4	1
Grantees	Capital of Texas Media Foundation	https://www.cotmf.org/	CoTMediaFound	Austin	United States of America	North America	30.3	-97.73333333	5
Funders	Capital One Foundation	http://foundationcapital.com/	foundationcap	Palo Alto	United States of America	North America	37.42916667	-122.1380556	5
Grantees	Caribou Digital (UK) Ltd	http://cariboudigital.net/	caribou-digital	London	United Kingdom	Europe	51.50722222	-0.1275	5
Mozfest Facilitator	Carto	https://carto.com/	CARTO	New York City	United States of America	North America	40.67	-73.94	4
OWF Host Org Applicants	CAST	http://www.cast.org/	CAST_UDL	Wakefield	United States of America	North America	42.50638889	-71.07333333	3
Grantees	Catoosa County Public School System	http://www.catoosa.k12.ga.us/		Catoosa					5
Grantees	Center for Democracy and Technology	http://cdt.org/	CenDemTech	Washington, D.C.	United States of America	North America	38.895	-77.03666667	5
None	Center for Democracy and Technology	http://cdt.org/	CenDemTech	Washington, D.C.	United States of America	North America	38.895	-77.03666667	1
OWF Host Org Applicants	Center for Democracy and Technology	http://cdt.org/	CenDemTech	Washington, D.C.	United States of America	North America	38.895	-77.03666667	3
OWF Host Org Applicants	Center for Digital Democracy	https://www.democraticmedia.org/	DigitalDemoc	Washington, D.C.	United States of America	North America	38.895	-77.03666667	3
None	center for humane technology	http://humanetech.com/	HumaneTech_	San Francisco	United States of America	North America	37.766667	-122.433333	1
None	Center for Media Justice	http://centerformediajustice.org/	mediajustice	Oakland	United States of America	North America	37.8	-122.25	1
None	Center for Open Science	https://cos.io/	OSFramework	Charlottesville	United States of America	North America	38.0299	-78.479	1
OWF Host Org Applicants	Center for Popular Democracy	https://populardemocracy.org/	popdemoc	New York City	United States of America	North America	40.67	-73.94	3
OWF Host Org Applicants	Center for Technology and Society - Fundação Getulio Vargas	http://direitorio.fgv.br/cts	fgv_direitorio	Rio de Janeiro	Brazil	South America	-22.90833333	-43.19638889	3
Grantees	Center for Urban Pedagogy	http://www.anothercupdevelopment.org	we_are_CUP	New York City	United States of America	North America	40.67	-73.94	5
OWF Host Org Applicants	Center on Privacy & Technology at Georgetown Law	https://www.law.georgetown.edu/academics/centers-institutes/privacy-technology/	GeorgetownLaw	Washington, D.C.	United States of America	North America	38.895	-77.03666667	3
Grantees	Central New York Library Resources Council	https://clrc.org/	clrc	New York City	United States of America	North America	40.67	-73.94	5
None	Centre for Information Technology and Development	http://www.citad.org	ICTAdvocates	Kano	Nigeria	Africa	12	8.516666667	1
Grantees	Centre for Internet and Society	http://cis-india.org/	cis_india	Bangalore	India	Asia	12.969907	77.597963	5
None	Centre for Internet and Society	http://cis-india.org/	cis_india	Bangalore	India	Asia	12.969907	77.597963	1
IHR Contributors	Centro De Cultura Digital	http://www.centroculturadigital.mx/	ccdmx	Mexico City	Mexico	North America	19.41944444	-99.14555556	4
None	Centrum Cyfrowe	https://centrumcyfrowe.pl/	centrumcyfrowe	Warsaw	Poland	Europe	52.21666667	21.03333333	1
Mozfest Facilitator	CERN	http://home.cern/	CERN	Geneva	Switzerland	Europe	46.2	6.15	4
Open leaders	CERN	http://home.cern/	CERN	Geneva	Switzerland	Europe	46.2	6.15	4
Grantees	Changing Expectations	https://www.changeexpectations.org/	peaglin	Round Rock	United States of America	North America	30.515	-97.6725	5
None	Chaos Communication Congress / Camp (CCC)	https://www.ccc.de/en/	ccc	Hamburg	Germany	Europe	53.55	10	1
Open leaders	Charité - Universitätsmedizin Berlin, Medizinische Bibliothek, elektronische Zeitschriften	http://bibliothek.charite.de		Berlin	Germany	Europe	52.51666667	13.38333333	4
Grantees	Chasing 23 Youth Empowerment Group	https://chasing23.org/?wref=bif		Chicago	United States of America	North America	41.9	-87.65	5
Mozfest Facilitator	CHAYN	https://chayn.co/	chaynhq						4
Funders	Chicago Community Trust	http://www.cct.org/	chitrust	Chicago	United States of America	North America	41.9	-87.65	5
None	chicago learning exchange	http://cct.org/about/partnerships_initiatives/hive-chicago/	chitrust	Chicago	United States of America	North America	41.9	-87.65	1
Open leaders	Chicago Public Library Foundation	http://cplfoundation.org/	CPLFoundation	Chicago	United States of America	North America	41.9	-87.65	4
Grantees	Chicago Youth Centers	https://www.chicagoyouthcenters.org/	ChicagoCYC	Chicago	United States of America	North America	41.9	-87.65	5
Open leaders	Chicas en tecnología	https://www.chicasentecnologia.org/	chicasentec						4
Mozfest Facilitator	ChickTech	https://chicktech.org/	chicktechorg	Portland	United States of America	North America	45.51666667	-122.6666667	4
Open leaders	ChickTech	https://chicktech.org/	chicktechorg	Portland	United States of America	North America	45.51666667	-122.6666667	4
None	cipesa	https://cipesa.org/	cipesaug	Kampala	Uganda	Africa	0.3136111111	32.58111111	1
Grantees	CIPIT - Centre for Intellectual Property and Information Technology Law	https://www.cipit.org/	StrathCIPIT	Nairobi	Kenya	Africa	-1.283333333	36.81666667	5
None	CIPIT - Centre for Intellectual Property and Information Technology Law	https://www.cipit.org/	StrathCIPIT	Nairobi	Kenya	Africa	-1.283333333	36.81666667	1
OWF Host Org Applicants	CIPIT - Centre for Intellectual Property and Information Technology Law	https://www.cipit.org/	StrathCIPIT	Nairobi	Kenya	Africa	-1.283333333	36.81666667	3
Mozfest Facilitator	Citizen Cyberlab	http://www.citizencyberlab.org/	CitizenCyberlab	Geneva	Switzerland	Europe	46.2	6.15	4
None	Citizen Lab	http://www.citizenlab.org	citizenlab	Toronto	Canada	North America	43.7	-79.4	1
OWF Host Org Applicants	Citizen Lab	http://www.citizenlab.org	citizenlab	Toronto	Canada	North America	43.7	-79.4	3
Open leaders	Civica Digital	https://www.civica.com/en-gb/civica-digital/	CivicaUK	London	United Kingdom	Europe	51.50722222	-0.1275	4
Grantees	CIVICUS WORLD ALLIANCE FOR PARTICIPATION INC	http://www.civicus.org	civicus	Johannesburg	South Africa	Africa	-26.145	28.05027778	5
Grantees	Cleveland Public Library	http://www.cpl.org	cleveland_pl	Cleveland	United States of America	North America	41.48222222	-81.66972222	5
Open leaders	Cleveland Public Library	http://www.cpl.org	cleveland_pl	Cleveland	United States of America	North America	41.48222222	-81.66972222	4
Open leaders	CodamosClub	https://www.codamos.club/	codamosclub						4
Mozfest Facilitator	Code First: Girls	https://www.codefirstgirls.org.uk/	CodeFirstGirls	London	United Kingdom	Europe	51.50722222	-0.1275	4
Open leaders	Code for Nepal	http://codefornepal.org/en/	codefornepal						4
Mozfest Facilitator	Code for Science & Society	https://codeforscience.org/	codeforsociety						4
Open leaders	Code for Science & Society	https://codeforscience.org/	codeforsociety						4
Open leaders	Code is Science	http://www.codeisscience.com/	codeisscience	Cambridge	United States of America	North America	42.375	-71.10611111	4
None	Code.org	http://code.org	codeorg	Seattle	United States of America	North America	47.6	-122.3166667	1
Grantees	Code/Interactive	https://codeinteractive.org/	weareci	New York City	United States of America	North America	40.67	-73.94	5
Grantees	CodeMirror	https://codemirror.net/							5
Mozfest Facilitator	CoderDojo	http://coderdojo.com/	coderdojo	Dublin	Ireland	Europe	53.3425	-6.265833333	4
None	Código Sur	https://www.codigosur.org	Codigo_Sur		Costa Rica	North America			1
Mozfest Facilitator	Coding Rights	https://www.codingrights.org/	CodingRights						4
OWF Host Org Applicants	Coding Rights	https://www.codingrights.org/	CodingRights						3
None	Coding Rights	https://www.codingrights.org/	CodingRights		Brazil	South America			1
None	collaborate knowledge foundation (coko)	https://coko.foundation/	CokoFoundation	San Francisco	United States of America	North America	37.766667	-122.433333	1
Grantees	Collaboration on International ICT Policy for East and Southern Africa	https://cipesa.org/	cipesaug	Kampala	Uganda	Africa	0.3136111111	32.58111111	5
OWF Host Org Applicants	Collaboration on International ICT Policy for East and Southern Africa	https://cipesa.org/	cipesaug	Kampala	Uganda	Africa	0.3136111111	32.58111111	3
None	Collaboration on International ICT Policy for East and Southern Africa (CIPESA)	http://www.cipesa.org/	cipesaug	Kampala	Uganda	Africa	0.3136111111	32.58111111	1
OWF Host Org Applicants	Colnodo	https://colnodo.apc.org/	Colnodo	Bogotá	Colombia	South America	4.598888889	-74.08083333	3
None	Colnodo	https://colnodo.apc.org/	Colnodo	Bogotá	Colombia	South America	4.598888889	-74.08083333	1
None	Color of Change	http://www.colorofchange.org/	colorofchange	Oakland	United States of America	North America	37.8	-122.25	1
OWF Host Org Applicants	Color of Change	http://www.colorofchange.org/	colorofchange	Oakland	United States of America	North America	37.8	-122.25	3
Open leaders	comexpo cyber security	http://comexpocybersecurity.com/	ComExpo_Cyber_S	Ahmedabad	India	Asia	23.03	72.58	4
Grantees	Commento	https://github.com/adtac/commento							5
None	Commission on Science and Technology for Development (CSTD)	http://unctad.org/en/Pages/CSTD.aspx	unctad	Geneva	Switzerland	Europe	46.2	6.15	1
Grantees	Common Cause Educational Foundation	http://www.commoncause.org/donate/common-cause-education-fund/	CommonCause	Washington, D.C.	United States of America	North America	38.895	-77.03666667	5
None	Common Sense Media	https://www.commonsensemedia.org/	commonsense	San Francisco	United States of America	North America	37.766667	-122.433333	1
Mozfest Facilitator	Communia Association	https://www.communia-association.org/	communia_eu	Brussels	Belgium	Europe	50.8467	4.3547	4
None	Computer Aid International	http://www.computeraid.org	Computer_Aid	London	United Kingdom	Europe	51.50722222	-0.1275	1
Open leaders	Computer Science Education, NYC Dept. of Education	http://schools.nyc.gov/Academics/ComputerScience/default.htm	nycschools	New York City	United States of America	North America	40.67	-73.94	4
Mozfest Facilitator	Computers Are Free For Everyone	http://www.caffebd.org/	caffebd	Sylhet Royals					4
Open leaders	Conservation International	http://www.conservation.org	conservationorg	Arlington County	United States of America	North America	38.88027778	-77.10833333	4
None	consumer reports	https://web.consumerreports.org/	consumerreports	New York City	United States of America	North America	40.67	-73.94	1
Open leaders	Consumers Union	http://consumersunion.org/	ConsumersUnion	Yonkers	United States of America	North America	40.94138889	-73.86444444	4
None	Cooperativa Sulá Batsú	http://www.sulabatsu.com	SulaBatsu	San José	Costa Rica	North America	9.933333333	-84.08333333	1
Mozfest Facilitator	Corporación Andina de Fomento (CAF)	http://www.caf.com	AgendaCAF	Caracas	Venezuela	South America	10.5	-66.93333333	4
Mozfest Facilitator	Covenant University Bioinformatics Research Group	http://cubre.covenantuniversity.edu.ng/	cuhebron	Ogun State College of Health Technology	Nigeria	Africa			4
Mozfest Facilitator	Crafts Council	http://www.craftscouncil.org.uk/	CraftsCouncilUK	London	United Kingdom	Europe	51.50722222	-0.1275	4
Funders	Craig Newmark Philanthropies	https://craignewmarkphilanthropies.org/	craignewmark	San Francisco	United States of America	North America	37.766667	-122.433333	5
Grantees	Creative Commons	https://creativecommons.org/	creativecommons	Mountain View	United States of America	North America	37.39277778	-122.0419444	5
Mozfest Speakers	Creative Commons	https://creativecommons.org/	creativecommons	Mountain View	United States of America	North America	37.39277778	-122.0419444	4
None	Creative Commons	https://creativecommons.org/	creativecommons	Mountain View	United States of America	North America	37.39277778	-122.0419444	1
None	credibility coalition	https://credibilitycoalition.org/	credcoalition	San Francisco	United States of America	North America	37.766667	-122.433333	1
Mozfest Facilitator	Crowd2Map Tanzania	https://crowd2map.wordpress.com/	Crowd2Map						4
Open leaders	Crowd2Map Tanzania	https://crowd2map.wordpress.com/	Crowd2Map						4
Mozfest Speakers	CryptoHarlem	https://www.meetup.com/New-York-Cryptoparty-Network/events/?_cookie-check=2D3d8kXBz7VQV4mU	cryptoharlem	New York City	United States of America	North America	40.67	-73.94	4
None	CryptoHarlem	https://www.meetup.com/New-York-Cryptoparty-Network/events/?_cookie-check=2D3d8kXBz7VQV4mU	cryptoharlem	New York City	United States of America	North America	40.67	-73.94	1
None	cryptoparty, world	https://www.cryptoparty.in/	cryptoparty						1
Open leaders	Cryptorave	https://cryptorave.org/en/	cryptoravebr	São Paulo	Brazil	South America	-23.55039444	-46.63394722	4
Mozfest Facilitator	CTuning foundation	http://ctuning.org/	c_tuning	Paris	France	Europe	48.85657778	2.351827778	4
Grantees	CUNY School of Professional Studies Foundation	https://sps.cuny.edu/about/dean/cuny-sps-foundation	cunysps	New York City	United States of America	North America	40.67	-73.94	5
None	CyFy	http://www.orfonline.org/cyfy/	orfonline	New Delhi	India	Asia	28.7	77.2	1
Open leaders	Dalai Lama Center for Ethics and Transformative Values at MIT	http://thecenter.mit.edu/	thecenteratmit	Cambridge	United States of America	North America	42.375	-71.10611111	4
None	data & society	https://datasociety.net/	datasociety	New York City	United States of America	North America	40.67	-73.94	1
OWF Host Org Applicants	data & society	https://datasociety.net/	datasociety	New York City	United States of America	North America	40.67	-73.94	3
Grantees	David Thibodaux STEM Magnet Academy	https://lpssonline.com/site4337.php	LafParishSchool	LaFayette	United States of America	North America	32.898572	-85.400784	5
None	DefCon	https://www.defcon.org/	defcon	Las Vegas	United States of America	North America	36.16916667	-115.1447222	1
OWF Host Org Applicants	Dejusticia (Center for the Study of Law, Justice and Society/Centro de Estudios de Derecho, Justicia y Sociedad)	https://www.dejusticia.org/	dejusticia	Bogotá	Colombia	South America	4.598888889	-74.08083333	3
Grantees	Demand Progress	http://demandprogress.org	demandprogress	Washington, D.C.	United States of America	North America	38.895	-77.03666667	5
Mozfest Facilitator	Demand Progress	http://demandprogress.org	demandprogress	Washington, D.C.	United States of America	North America	38.895	-77.03666667	4
Funders	Democracy Fund	https://datasociety.net/	datasociety	New York City	United States of America	North America	40.67	-73.94	5
Grantees	Derechos Digitales	https://www.derechosdigitales.org/	derechosdigital	Santiago	Chile	South America	-33.45	-70.66666667	5
Mozfest Speakers	Derechos Digitales	https://www.derechosdigitales.org/	derechosdigital	Santiago	Chile	South America	-33.45	-70.66666667	4
None	Derechos Digitales	https://www.derechosdigitales.org/	derechosdigital	Santiago	Chile	South America	-33.45	-70.66666667	1
OWF Host Org Applicants	Derechos Digitales	https://www.derechosdigitales.org/	derechosdigital	Santiago	Chile	South America	-33.45	-70.66666667	3
None	Derechos Digitales	https://www.derechosdigitales.org/	derechosdigital	Santiago	Chile	South America	-33.45	-70.66666667	1
Mozfest Facilitator	designswarm	http://designswarm.com/		London	United Kingdom	Europe	51.50722222	-0.1275	4
None	Detroit Community Technology Project	http://detroitcommunitytech.org/	DetCommTech	Detroit	United States of America	North America	42.33166667	-83.0475	1
Open leaders	Detroit Community Technology Project	http://detroitcommunitytech.org/	DetCommTech	Detroit	United States of America	North America	42.33166667	-83.0475	4
None	Deutsche Gesellschaft für Internationale Zusammenarbeit	http://www.giz.de/	giz_gmbh	Bonn	Germany	Europe	50.73388889	7.099722222	1
IHR Contributors	Digital Asia Hub	https://www.digitalasiahub.org/	digitalasiahub	Hong Kong	People's Republic of China	Asia	22.27833333	114.1586111	4
None	Digital Asia Hub	https://www.digitalasiahub.org/	digitalasiahub	Hong Kong	People's Republic of China	Asia	22.278333	114.158611	1
None	Digital Citizen Summit	http://www.digcitsummit.com/	digcitsummit						1
None	Digital Empowerment Foundation (DEF)	http://www.defindia.net/			India	Asia			1
None	Digital Freedom Fund	https://digitalfreedomfund.org/	df_fund	Amsterdam	Netherlands	Europe	52.38333333	4.9	1
Open leaders	Digital Grassroots	https://www.digitalgrassroots.org/	digigrassroots						4
Grantees	Digital Opportunity Trust	https://www.dotrust.org/	DigitalOppTrust	Ottawa	Canada	North America	45.41666667	-75.7	5
OWF Host Org Applicants	Digital Opportunity Trust	https://www.dotrust.org/	DigitalOppTrust	Ottawa	Canada	North America	45.41666667	-75.7	3
None	digital opportunity trust, kenya	https://kenya.dotrust.org/	DOTKenya	Nairobi	Kenya	Africa	-1.283333333	36.81666667	1
None	digital rights foundation	https://digitalrightsfoundation.pk/	digitalrightsPK						1
Mozfest Speakers	Digital Rights Foundation Pakistan	https://digitalrightsfoundation.pk/	digitalrightsPK						4
OWF Host Org Applicants	Digital Rights Watch	http://digitalrightswatch.org.au/	DRWaus	Sydney	Australia	Oceania	-33.86666667	151.2	3
Grantees	Digital Security Exchange	https://digitalsecurityexchange.org/	levjoy	Northampton	United States of America	North America	42.325	-72.64166667	5
OWF Host Org Applicants	Digital Society of Zimbabwe	http://www.dszim.org/	digisoczim						3
None	Digitale Gesellschaft	https://digitalegesellschaft.de/	digiges	Berlin	Germany	Europe	52.51666667	13.38333333	1
None	DigitalMe	https://www.digitalme.co.uk/	digitalme_	Leeds	United Kingdom	Europe	53.79972222	-1.549166667	1
None	diplo foundation through their internet governance courses	https://www.diplomacy.edu/	DiplomacyEdu	Geneva	Switzerland	Europe	46.2	6.15	1
Grantees	Discourse	https://www.discourse.org/	discourse						5
Grantees	Disruption Network Lab e.V.	http://www.disruptionlab.org/	disruptberlin	Berlin	Germany	Europe	52.51666667	13.38333333	5
Grantees	Django	https://www.djangoproject.com/	djangoproject						5
Grantees	Django REST Framework	http://www.django-rest-framework.org/	restframework						5
Grantees	DNSSEC/DANE Chain Stapling								5
Mozfest Facilitator	DocuBricks	https://docubricks.com/		Cambridge	United States of America	North America	42.375	-71.10611111	4
Open leaders	DocuBricks	https://docubricks.com/		Cambridge	United States of America	North America	42.375	-71.10611111	4
Mozfest Facilitator	Doscom - Dinus Open Source Community	https://doscom.org/	doscomedia	Semarang	Indonesia	Asia	-6.966666667	110.4166667	4
OWF Host Org Applicants	Doteveryone	https://doteveryone.org.uk/	doteveryoneuk	London	United Kingdom	Europe	51.50722222	-0.1275	3
Open leaders	Dream Touch for All	http://en.dreamtouchforall.org/		Seoul	South Korea	Asia	37.58333333	127	4
Open leaders	DuraSpace	http://duraspace.org/	duraspace	Ithaca	United States of America	North America	42.44333333	-76.5	4
None	Dutch Ministry of Foreign Affairs	https://www.government.nl/ministries/ministry-of-foreign-affairs	DutchMFA	Hague	United States of America	North America	46.02833333	-99.99861111	1
Grantees	E4 Youth	http://e4youth.org/	e4youth	Austin	United States of America	North America	30.3	-97.73333333	5
Mozfest Facilitator	École polytechnique fédérale de Lausanne	http://www.epfl.ch/	epfl_en	Lausanne	Switzerland	Europe	46.53333333	6.633333333	4
IHR Contributors	Editacuja & Appiario	https://www.f6s.com/editacujaappiario	Appiario	São Paulo	Brazil	South America	-23.55039444	-46.63394722	4
Grantees	Educational Video Center	https://evc.org/	E_V_C_	New York City	United States of America	North America	40.67	-73.94	5
Open leaders	Educational Video Center	https://evc.org/	E_V_C_	New York City	United States of America	North America	40.67	-73.94	4
Mozfest Facilitator	Educators Cooperative	https://educators.coop/		New York City	United States of America	North America	40.67	-73.94	4
Grantees	Eduity, LLC	https://blog.eduity.net/	eduitynet	Chattanooga	United States of America	North America	35.04555556	-85.26722222	5
None	Electronic Frontier Finland	https://effi.org/	Effi_ry	Helsinki	Finland	Europe	60.17333333	24.94861111	1
Grantees	Electronic Frontier Foundation	https://www.eff.org/	EFF	San Francisco	United States of America	North America	37.766667	-122.433333	5
None	Electronic Frontier Foundation	https://www.eff.org/	EFF	San Francisco	United States of America	North America	37.766667	-122.433333	1
None	Electronic Frontier Foundation	https://eff.org	EFF	San Francisco	United States of America	North America	37.766667	-122.433333	1
None	Electronic Information for Libraries (EIFL)	http://www.eifl.net/	EIFLnet	Vilnius	Lithuania	Europe	54.68333333	25.28333333	1
None	electronic privacy information center (epic)	https://www.epic.org/	EPICprivacy	Washington, D.C.	United States of America	North America	38.895	-77.03666667	1
Mozfest Facilitator	eLife	http://elifesciences.org/	elife	Cambridge	United States of America	North America	42.375	-71.10611111	4
Mozfest Facilitator	Emojination	http://www.emojination.org/							4
Open leaders	Endangered Data Week	http://endangereddataweek.org/	EndangeredData						4
Grantees	EngageMedia	http://engagemedia.org	EngageMedia	Melbourne	Australia	Oceania	-37.82055556	144.9613889	5
None	EngageMedia	http://engagemedia.org	EngageMedia	Melbourne	Australia	Oceania	-37.82055556	144.9613889	1
None	engine room	https://www.theengineroom.org/	EngnRoom						1
None	enterprise center chattanooga	https://www.theenterprisectr.org/	thenterprisectr	Chattanooga	United States of America	North America	35.04555556	-85.26722222	1
Mozfest Facilitator	Epicenter.works	http://epicenter.works	epicenter_works	Vienna	Austria	Europe	48.20833	16.373064	4
None	Epicenter.works	http://epicenter.works	epicenter_works	Vienna	Austria	Europe	48.20833	16.373064	1
OWF Host Org Applicants	eQualit.ie	https://equalit.ie/	eQualitie	Montreal	Canada	North America	45.508056	-73.555	3
None	eQualit.ie	https://equalit.ie/	eQualitie	Montreal	Canada	North America	45.508056	-73.555	1
OWF Host Org Applicants	Equality Labs	https://www.equalitylabs.org/	EqualityLabs						3
Grantees	ETER || a free/libre air-quality monitor for education & research	https://www.eter-project.com/							5
None	European Bureau of Library, Information and Documentation Associations	http://www.eblida.org		The Hague	Netherlands	Europe	52.07667	4.29861	1
None	European Consumers' Bureau	http://www.beuc.eu/		Brussels	Belgium	Europe	50.8467	4.3547	1
None	European Digital Media Association (EDiMA)	http://edima-eu.org/	edima_eu	Brussels	Belgium	Europe	50.8467	4.3547	1
Grantees	European Digital Rights	https://edri.org/	edri	Brussels	Belgium	Europe	50.8467	4.3547	5
Mozfest Facilitator	European Digital Rights	https://edri.org/	edri	Brussels	Belgium	Europe	50.8467	4.3547	4
None	European Digital Rights	https://edri.org/	edri	Brussels	Belgium	Europe	50.8467	4.3547	1
Open leaders	European Digital Rights	https://edri.org/	edri	Brussels	Belgium	Europe	50.8467	4.3547	4
OWF Host Org Applicants	European Digital Rights	https://edri.org/	edri	Brussels	Belgium	Europe	50.8467	4.3547	3
Mozfest Facilitator	Exa Foundation	https://courses.exa.foundation/	exafoundation	Bradford	United Kingdom	Europe	53.794	-1.751	4
Open leaders	Explo	https://www.explo.org/	ExploLive	Norwood	United States of America	North America	38.2519	-85.6125	4
Mozfest Facilitator	explore science	http://www.nisenet.org/explore-science	nisenet	Ithaca	United States of America	North America	42.44333333	-76.5	4
Grantees	EyeBeam	https://www.eyebeam.org/	eyebeamnyc	New York City	United States of America	North America	40.67	-73.94	5
Mozfest Facilitator	EyeBeam	https://www.eyebeam.org/	eyebeamnyc	New York City	United States of America	North America	40.67	-73.94	4
OWF Host Org Applicants	EyeBeam	https://www.eyebeam.org/	eyebeamnyc	New York City	United States of America	North America	40.67	-73.94	3
Mozfest Facilitator	eyeo GmbH	https://eyeo.com/	eyeo	Cologne	Germany	Europe	50.94222222	6.957777778	4
None	f**koffgoogle.de	https://fuckoffgoogle.de/		Berlin	Germany	Europe	52.51666667	13.38333333	1
None	FabLabs (Netherlands)	http://fablab.waag.org/	fablab	Amsterdam	Netherlands	Europe	52.38333333	4.9	1
Open leaders	Facing History and Ourselves	https://www.facinghistory.org/	facinghistory	Brookline	United States of America	North America	42.33166667	-71.12166667	4
None	Fantsuam Foundation	http://www.fantsuam.org/	fantsuam	Kafanchan	Nigeria	Africa	9.56666667	8.3	1
Mozfest Facilitator	Fathom Beyond	http://fathomlabs.io/beyond/	fathombeyond	Masai Mara	Kenya	Africa	-1.49	35.14388889	4
OWF Host Org Applicants	FEMNET - African Women's Development and Communication Network	http://femnet.org/	femnetprog	Nairobi	Kenya	Africa	-1.283333333	36.81666667	3
Grantees	Fight for the Future	https://www.fightforthefuture.org/	fightfortheftr						5
None	Fight for the Future	https://www.fightforthefuture.org/	fightfortheftr						1
OWF Host Org Applicants	Fight for the Future	https://www.fightforthefuture.org/	fightfortheftr						3
Open leaders	Fit Open	http://fitopen.org/about.html							4
Mozfest Facilitator	Flattr (eyeo)	https://flattr.com/	flattr	Austin	United States of America	North America	30.3	-97.73333333	4
Funders	Ford Foundation	http://www.fordfoundation.org	FordFoundation	New York City	United States of America	North America	40.67	-73.94	5
None	Ford Foundation	http://www.fordfoundation.org	FordFoundation	New York City	United States of America	North America	40.67	-73.94	1
OWF Host Org Applicants	Forum of Incident Response and Security Teams (FIRST)	https://www.first.org/	FIRSTdotOrg	Morrisville	United States of America	North America	37.4808	-93.4272	3
None	Foundation for a Just Society	https://www.fjs.org/	fjs	New York City	United States of America	North America	40.67	-73.94	1
None	Foundation for Media Alternatives	http://www.fma.ph	FMA_PH	Quezon City	Philippines	Asia	14.63333333	121.0333333	1
Open leaders	Foundation For Public Code	http://publiccode.net/	publiccodenet						4
OWF Host Org Applicants	Framasoft	http://framasoft.net/	framasoft						3
Mozfest Facilitator	Free Press	http://freepress.net	freepress	Florence	United States of America	North America	42.33555556	-72.67166667	4
None	Free Press	http://freepress.net	freepress	Florence	United States of America	North America	42.33555556	-72.67166667	1
None	Free Software Foundation	https://fsf.org/	fsf	Boston	United States of America	North America	42.35777778	-71.06166667	1
OWF Host Org Applicants	Free Software Foundation Europe	https://www.fsfe.org	fsfe	Berlin	Germany	Europe	52.51666667	13.38333333	3
None	Freedom & Roam Uganda	http://faruganda.org/	Far_Uganda	Kampala	Uganda	Africa	0.3136111111	32.58111111	1
IHR Contributors	Freedom House	http://www.freedomhouse.org/	FreedomHouseDC	Washington, D.C.	United States of America	North America	38.895	-77.03666667	4
Mozfest Facilitator	Freedom of the Press Foundation	https://freedom.press/	FreedomofPress	San Francisco	United States of America	North America	37.766667	-122.433333	4
None	Freedom of the Press Foundation	https://freedom.press/	FreedomofPress	San Francisco	United States of America	North America	37.766667	-122.433333	1
OWF Host Org Applicants	Freedom of the Press Foundation	https://freedom.press/	FreedomofPress	San Francisco	United States of America	North America	37.766667	-122.433333	3
None	Freedom Online Coalition (FOC)	https://freedomonlinecoalition.com/	FO_Coalition	London	United Kingdom	Europe	51.50722222	-0.1275	1
None	FRIDA The Young Feminist Fund	http://youngfeministfund.org/	FRIDAfund						1
Mozfest Facilitator	Full Fact	https://fullfact.org/	fullfact	London	United Kingdom	Europe	51.50722222	-0.1275	4
Mozfest Speakers	Full Frontal with Samantha Bee	http://www.tbs.com/shows/full-frontal-with-samantha-bee.html	FullFrontalSamB	New York City	United States of America	North America	40.67	-73.94	4
Grantees	Full Stack Toronto	http://2017.fsto.co/	fullstackto	Toronto	Canada	North America	43.7	-79.4	5
None	Fundación Acceso	http://acceso.or.cr/	TIC_INAMU	Mercedes	Costa Rica	North America			1
OWF Host Org Applicants	Fundación Ciudadano Inteligente	https://en.ciudadanointeligente.org/	ciudadanoi	Santiago	Chile	South America	-33.45	-70.66666667	3
None	Fundación Escuela Latinoamericana de Redes (EsLaRed)	http://www.eslared.org.ve	eslaredcisco	Mérida	Venezuela	South America	8.583333333	-71.13333333	1
None	Fundación Karisma	https://karisma.org.co/	Karisma	Bogotá	Colombia	South America	4.598888889	-74.08083333	1
OWF Host Org Applicants	Fundación Medialab Quito	http://www.medialabuio.org/	MediaLabUIO	Quito	Ecuador	South America	-0.2186111111	-78.50972222	3
Mozfest Facilitator	FutureLearn	https://www.futurelearn.com	futurelearn	London	United Kingdom	Europe	51.50722222	-0.1275	4
Grantees	Genesee Intermediate School District	http://www.geneseeisd.org/	GeneseeISD	Flint	United States of America	North America	43.01	-83.69	5
None	Gesellschaft für Freiheitsrechte	https://freiheitsrechte.org/	freiheitsrechte	Berlin	Germany	Europe	52.51666667	13.38333333	1
None	Girls Who Code	http://girlswhocode.com/	girlswhocode	New York City	United States of America	North America	40.67	-73.94	1
Mozfest Facilitator	Girls2Geeks	https://girls2geeks.com/	Girls2Geeks						4
Open leaders	GirlsGetGeeky	https://github.com/cesswairimu/GirlsGetGeeky							4
IHR Contributors	GitHub	https://github.com	GitHub	San Francisco	United States of America	North America	37.766667	-122.433333	4
Mozfest Facilitator	GitHub	https://github.com	GitHub	San Francisco	United States of America	North America	37.766667	-122.433333	4
None	GitHub	https://github.com	GitHub	San Francisco	United States of America	North America	37.766667	-122.433333	1
Mozfest Facilitator	Give1ProjectGambia	http://www.give1projectgambia.org/		The Gambia	The Gambia	Africa	13.5	-15.5	4
Grantees	Global Action Project	https://www.global-action.org/	gapyouthmedia	New York City	United States of America	North America	40.67	-73.94	5
Mozfest Facilitator	Global Action Project	https://www.global-action.org/	gapyouthmedia	New York City	United States of America	North America	40.67	-73.94	4
None	Global Connect Initiative (GCI)	https://share.america.gov/globalconnect/		New York City	United States of America	North America	40.67	-73.94	1
None	Global Forum on Cyber Expertise (GFCE)	https://www.thegfce.com/		The Hague	Netherlands	Europe	52.07667	4.29861	1
Grantees	Global Innovation Gathering (GIG)	https://www.globalinnovationgathering.org/	weareGIG	Berlin	Germany	Europe	52.51666667	13.38333333	5
None	Global Innovation Gathering (GIG)	https://www.globalinnovationgathering.org/	weareGIG	Berlin	Germany	Europe	52.51666667	13.38333333	1
Grantees	Global Kids	http://www.globalkids.org/?view=mobile	globalkids	New York City	United States of America	North America	40.67	-73.94	5
IHR Contributors	Global Voices Online	https://globalvoices.org/	globalvoices	Amsterdam	Netherlands	Europe	52.38333333	4.9	4
Mozfest Facilitator	Global Voices Online	https://globalvoices.org/	globalvoices	Amsterdam	Netherlands	Europe	52.38333333	4.9	4
Grantees	Godot	https://godotengine.org/	godotengine						5
None	Google Ideas	https://jigsaw.google.com/	jigsawteam	New York City	United States of America	North America	40.67	-73.94	1
Mozfest Facilitator	goTenna	https://www.gotenna.com/	gotenna	New York City	United States of America	North America	40.67	-73.94	4
OWF Host Org Applicants	Gray Area Foundation for the Arts, Inc.	https://grayarea.org/	grayareaorg	San Francisco	United States of America	North America	37.766667	-122.433333	3
OWF Host Org Applicants	GreatFire.org	https://en.greatfire.org/	GreatFireChina						3
None	GreenNet	http://www.gn.apc.org	GreenNetISP	London	United Kingdom	Europe	51.50722222	-0.1275	1
None	Guifi.net	http://guifi.net/	guifinet	Gurb	Catalonia	Europe	41.9575	2.233888889	1
Open leaders	HACKccessibility	https://github.com/jibe-b/HACKccessibility-expose-the-documentation							4
Grantees	Hacks/Hackers	https://hackshackers.com/	HacksHackers						5
Open leaders	Hacks/Hackers	https://hackshackers.com/	HacksHackers						4
Grantees	Hamilton County Department of Education	http://www.hcde.org/	hamcoschools	Chattanooga	United States of America	North America	35.04555556	-85.26722222	5
Grantees	HarfBuzz	https://www.freedesktop.org/wiki/Software/HarfBuzz/							5
Mozfest Facilitator	Helix Arts	https://www.helixarts.com/	helixarts	Sunderland	United Kingdom	Europe	54.9	-1.380277778	4
OWF Host Org Applicants	Hiperderecho	https://hiperderecho.org	hiperderecho	Lima	Peru	South America	-12.04583333	-77.03055556	3
None	Hivos	https://www.hivos.org/	hivos	The Hague	Netherlands	Europe	52.07667	4.29861	1
Mozfest Speakers	Holla Back	http://www.ihollaback.org	ihollaback	New York City	United States of America	North America	40.67	-73.94	4
OWF Host Org Applicants	Holla Back	http://www.ihollaback.org	ihollaback	New York City	United States of America	North America	40.67	-73.94	3
Mozfest Facilitator	Housing Families First	http://www.housingfamiliesfirst.org/	HousingFirstRVA	Henrico City	United States of America	North America			4
Mozfest Facilitator	Human Computation Institute	http://humancomputation.org/	hcinst	Ithaca	United States of America	North America	42.44333333	-76.5	4
OWF Host Org Applicants	Human Rights Watch	http://www.hrw.org	hrw	New York City	United States of America	North America	40.67	-73.94	3
Mozfest Facilitator	HumanityX	https://www.humanityx.nl/	c4innovation	The Hague	Netherlands	Europe	52.07667	4.29861	4
Mozfest Facilitator	Icahn Institute at Mount Sinai	http://icahn.mssm.edu/research/ipm	icahnmountsinai	New York City	United States of America	North America	40.67	-73.94	4
None	ICANN	https://www.icann.org/	icann	Los Angeles	United States of America	North America	34.05	-118.25	1
OWF Host Org Applicants	Information Society Project at Yale Law School	https://law.yale.edu/isp	yaleisp	New Haven	United States of America	North America	41.30833333	-72.925	3
Open leaders	Institute for Educational Leadership	http://iel.org/	IELconnects	Washington, D.C.	United States of America	North America	38.895	-77.03666667	4
Open leaders	Institute for Technology and Society of Rio de Janeiro	https://itsrio.org/en/en-home/	itsriodejaneiro	Rio de Janeiro	Brazil	South America	-22.90833333	-43.19638889	4
Funders	Institute of Museum and Library Services	https://www.imls.gov/	us_imls	Washington, D.C.	United States of America	North America	38.895	-77.03666667	5
None	Institute of Museum and Library Services	https://www.imls.gov/	us_imls	Washington, D.C.	United States of America	North America	38.895	-77.03666667	1
Open leaders	Institute of Museum and Library Services	https://www.imls.gov/	us_imls	Washington, D.C.	United States of America	North America	38.895	-77.03666667	4
None	Instituto DEMOS	http://www.guatemalademos.org			Guatemala	North America			1
Grantees	Integrated Arts								5
Mozfest Facilitator	InterMine	http://intermine.org	intermineorg	Cambridge	United States of America	North America	42.375	-71.10611111	4
None	International Federation of Library Associations and Institutions	http://www.ifla.org	IFLA	The Hague	Netherlands	Europe	52.07667	4.29861	1
None	International Freedom of Expression Exchange	http://www.ifex.org/	IFEX	Toronto	Canada	North America	43.7	-79.4	1
None	International Media Support (IMS)	https://www.mediasupport.org/	forfreemedia	Copenhagen	Denmark	Europe	55.67611111	12.56888889	1
Grantees	International Research & Exchanges Board	http://www.irex.org	irexintl	Washington, D.C.	United States of America	North America	38.895	-77.03666667	5
None	International Telecommunication Union	http://www.itu.int	itu	Geneva	Switzerland	Europe	46.2	6.15	1
None	Internet & Jurisdiction Policy Network	https://www.internetjurisdiction.net/	IJurisdiction	Paris	France	Europe	48.85657778	2.351827778	1
Mozfest Facilitator	Internet Archive	https://archive.org/	internetarchive	San Francisco	United States of America	North America	37.766667	-122.433333	4
None	Internet Archive	https://archive.org/	internetarchive	San Francisco	United States of America	North America	37.766667	-122.433333	1
None	internet education foundation	http://www.neted.org/		Washington, D.C.	United States of America	North America	38.895	-77.03666667	1
None	Internet Engineering Task Force	https://www.ietf.org/		Fremont	United States of America	North America	37.54305556	-121.9827778	1
None	Internet Freedom Festival (IFF)	https://internetfreedomfestival.org	InternetFF	Valencia	Spain	Europe	39.46666667	-0.375	1
OWF Host Org Applicants	Internet Freedom Festival (IFF)	https://internetfreedomfestival.org/	InternetFF	Valencia	Spain	Europe	39.46666667	-0.375	3
OWF Host Org Applicants	Internet Infrastructure Coalition	https://www.i2coalition.com/	i2coalition	Washington, D.C.	United States of America	North America	38.895	-77.03666667	3
IHR Contributors	Internet Policy Review (HIIG)	https://policyreview.info/	PolicyR	Berlin	Germany	Europe	52.51666667	13.38333333	4
None	Internet Society	https://www.internetsociety.org/	internetsociety	Reston	United States of America	North America	38.95444444	-77.34638889	1
OWF Host Org Applicants	INTERNETLAB	http://www.internetlab.org.br/en/	internetlabbr	São Paulo	Brazil	South America	-23.55039444	-46.63394722	3
None	Internews	http://www.internews.org/	Internews	Arcata	United States of America	North America	40.86638889	-124.0827778	1
None	Intervozes	http://intervozes.org.br/	intervozes	São Paulo	Brazil	South America	-23.55039444	-46.63394722	1
Mozfest Facilitator	Invisible Flock	invisibleflock.com	invisibleflock	Leeds	United Kingdom	Europe	53.79972222	-1.549166667	4
Mozfest Facilitator	Iridescent	http://iridescentlearning.org/	iridescentla	Los Angeles	United States of America	North America	34.05	-118.25	4
None	iRights.Lab	https://irights-lab.de/en/	iRightslab	Berlin	Germany	Europe	52.51666667	13.38333333	1
None	ITS Rio	https://itsrio.org/en/en-home/	itsriodejaneiro	Rio de Janeiro	Brazil	South America	-22.90833333	-43.19638889	1
None	Japan Computer Access for Empowerment (JCAFE)	http://www.jcafe.net/english/		Tokyo	Japan	Asia	35.68	139.77	1
Open leaders	Jaume Bofill Foundation	http://www.fbofill.cat/	FundacioBofill	Barcelona	Spain	Europe	41.3825	2.176944444	4
None	JCA-NET	http://www.jca.apc.org/		Tokyo	Japan	Asia	35.68	139.77	1
None	Jimmy Wales Foundation	http://jimmywalesfoundation.org/	JWalesF	London	United Kingdom	Europe	51.50722222	-0.1275	1
Funders	John D. and Catherine T. MacArthur Foundation	https://www.macfound.org/	macfound	Chicago	United States of America	North America	41.9	-87.65	5
Open leaders	John F. Kennedy School of Government	http://www.hks.harvard.edu	kennedy_school	Cambridge	United States of America	North America	42.375	-71.10611111	4
Funders	John S. and James L. Knight Foundation	http://knightfoundation.org/	knightfdn	Miami	United States of America	North America	25.78333333	-80.21666667	5
None	John S. and James L. Knight Foundation	http://knightfoundation.org/	knightfdn	Miami	United States of America	North America	25.78333333	-80.21666667	1
Mozfest Facilitator	Johns Hopkins Sibley Innovation Hub	https://www.sibleyhub.com	SibleyHub	Washington, D.C.	United States of America	North America	38.895	-77.03666667	4
Mozfest Facilitator	Journal of Open Hardware	https://openhardware.metajnl.com/	journalopenhw						4
Open leaders	Journal of Open Hardware	https://openhardware.metajnl.com/	journalopenhw						4
Open leaders	JSLadies	http://jsladies.org/#/							4
None	KC Digital Drive	www.kcdigitaldrive.org	kcdigitaldrive	Kansas City	United States of America	North America	39.05	-94.58333333	1
Mozfest Facilitator	KC Digital Drive	www.kcdigitaldrive.org	kcdigitaldrive	Kansas City	United States of America	North America	39.05	-94.58333333	4
Grantees	KC Social Innovation Center	www.kcsocialinnovation.org	socialimpactkc	Kansas City	United States of America	North America	39.05	-94.58333333	5
Grantees	Kea	https://www.isc.org/kea	iscdotorg	Redwood City	United States of America	North America	37.48277778	-122.2361111	5
None	Kéfir	https://kefir.red			Mexico	North America			1
None	Kennisland	https://www.kl.nl/en/	kennisland	Amsterdam	Netherlands	Europe	52.38333333	4.9	1
OWF Host Org Applicants	Kenya ICT Action Network (KICTANet)	https://www.kictanet.or.ke	KICTANet	Nairobi	Kenya	Africa	-1.283333333	36.81666667	3
None	Kenya ICT Action Network (KICTANet)	https://www.kictanet.or.ke	KICTANet	Nairobi	Kenya	Africa	-1.283333333	36.81666667	1
Open leaders	Kenyan Open Data Initiative	http://icta.go.ke/open-data/	ICTAuthorityKE	Nairobi	Kenya	Africa	-1.283333333	36.81666667	4
None	KICTANet	https://www.kictanet.or.ke/	KICTANet	Nairobi	Kenya	Africa	-1.283333333	36.81666667	1
Mozfest Facilitator	Kirklees Library	https://www.kirklees.gov.uk/beta/leisure-and-culture.aspx#libraries	kirkleeslibrary	Kirklees Way	United Kingdom	Europe	53.825	-1.429	4
None	Korean Progressive Network Jinbonet	http://www.jinbo.net/	jinbonet	Seoul	South Korea	Asia	37.58333333	127	1
None	La Quadrature du Net	https://laquadrature.net	laquadrature	Paris	France	Europe	48.85657778	2.351827778	1
None	LaborNet	http://www.labornet.org		San Francisco	United States of America	North America	37.766667	-122.433333	1
Grantees	Lafayette Science Museum Foundation	www.lafayettesciencemuseum.org	lafscimuseum	LaFayette	United States of America	North America	32.898572	-85.400784	5
Mozfest Facilitator	LakeHub	lakehub.co.ke	LakeHub	Kisumu Rural Constituency	Kenya	Africa			4
None	LakeHub	lakehub.co.ke	LakeHub	Kisumu Rural Constituency	Kenya	Africa			1
Open leaders	LakeHub	lakehub.co.ke	LakeHub	Kisumu Rural Constituency	Kenya	Africa			4
Grantees	Lane Arts Council	lanearts.org	LaneArtsCouncil	Eugene	United States of America	North America	44.05194444	-123.0855556	5
Grantees	Lane Education Service District	www.lesd.k12.or.us	4jschools	Eugene	United States of America	North America	44.05194444	-123.0855556	5
Grantees	Latinitas Inc.	http://latinitasmagazine.org/	latinitas	Austin	United States of America	North America	30.3	-97.73333333	5
Grantees	LEAP Encryption Access Project	https://leap.se/	leapcode						5
Mozfest Facilitator	Learn All the Time Network	learnallthetime.org	LATTNetwork	Austin	United States of America	North America	30.3	-97.73333333	4
Funders	Leona M. and Harry B. Helmsley Charitable Trust	http://www.helmsleytrust.org/	helmsleytrust	New York City	United States of America	North America	40.67	-73.94	5
None	Leona M. and Harry B. Helmsley Charitable Trust	http://www.helmsleytrust.org/	helmsleytrust	New York City	United States of America	North America	40.67	-73.94	1
Grantees	libav/rust-av	https://github.com/rust-av/flavors							5
Grantees	libjpeg-turbo	http://www.libjpeg-turbo.org/							5
IHR Contributors	Libraries.io	https://libraries.io/	librariesio						4
Grantees	Licensed to Learn Inc.	https://www.l2l.ca/	Licensed2Learn	Toronto	Canada	North America	43.7	-79.4	5
None	Linux Foundation	https://www.linuxfoundation.org/	Linux_Fdtn_JP	San Francisco	United States of America	North America	37.766667	-122.433333	1
Mozfest Facilitator	Linuxing In London	https://www.meetup.com/Linuxing-In-London/	linuxinginldn	London	United Kingdom	Europe	51.50722222	-0.1275	4
Grantees	LLVM	http://llvm.org							5
None	localization lab	https://www.localizationlab.org/	L10nLab						1
Open leaders	Loup Design & Innovation	https://www.loup.design/	listening_loup	Toronto	Canada	North America	43.7	-79.4	4
None	lucy parsons labs	https://lucyparsonslabs.com/	lucyparsonslabs	Chicago	United States of America	North America	41.9	-87.65	1
IHR Contributors	M-Lab	https://www.measurementlab.net/	measurementlab	Washington, D.C.	United States of America	North America	38.895	-77.03666667	4
Open leaders	MaidSafe	https://www.maidsafe.net/	maidsafe						4
Mozfest Facilitator	Majal.org	Majal.org	majalorg						4
OWF Host Org Applicants	Majal.org	Majal.org	majalorg						3
Mozfest Facilitator	Make Works Ltd	https://make.works/	thisismakeworks	Edinburgh	United Kingdom	Europe	55.95	-3.198888889	4
Open leaders	Makered.io	http://makered.io/							4
None	Mama Cash	http://www.mamacash.org/	mamacash	Amsterdam	Netherlands	Europe	52.38333333	4.9	1
Open leaders	Massachusetts Digital Services department	https://www.mass.gov/orgs/massit-digital-services	massgov	Boston	United States of America	North America	42.35777778	-71.06166667	4
None	Mastodon	https://joinmastodon.org	MastodonProject						1
None	May First/People Link	https://mayfirst.org/		New York City	United States of America	North America	40.67	-73.94	1
Grantees	MedCognition, Inc.	https://www.medcognition.com/	MedCognition	San Antonio	United States of America	North America	29.42861111	-98.49333333	5
Mozfest Facilitator	Media Democracy Fund	http://mediademocracyfund.org/	MedDemFund	Washington, D.C.	United States of America	North America	38.895	-77.03666667	4
None	Media Democracy Fund	http://mediademocracyfund.org/	MedDemFund	Washington, D.C.	United States of America	North America	38.895	-77.03666667	1
OWF Host Org Applicants	Media Democracy Fund	http://mediademocracyfund.org/	MedDemFund	Washington, D.C.	United States of America	North America	38.895	-77.03666667	3
None	Media Legal Defence Initiative	https://www.mediadefence.org/	mediadefence	London	United Kingdom	Europe	51.50722222	-0.1275	1
None	Media Matters for Democracy	http://mediamatters.pk	mmfd_pak	Islamabad	Pakistan	Asia	33.71666667	73.06666667	1
Mozfest Facilitator	Media Mobilizing Project	https://mediamobilizing.org	mediamobilizing	Philadelphia	United States of America	North America	39.95305556	-75.16333333	4
OWF Host Org Applicants	Media Mobilizing Project	https://mediamobilizing.org	mediamobilizing	Philadelphia	United States of America	North America	39.95305556	-75.16333333	3
OWF Host Org Applicants	Meedan	http://meedan.com/en/	meedan	San Francisco	United States of America	North America	37.766667	-122.433333	3
IHR Contributors	Meedan, Credibility Coalition	https://credibilitycoalition.org/	credcoalition	San Francisco	United States of America	North America	37.766667	-122.433333	4
Grantees	Mercurial	https://www.mercurial-scm.org							5
Mozfest Facilitator	Met Office Informatics Lab	http://www.informaticslab.co.uk/	informatics_lab	Exeter	United Kingdom	Europe	50.72153889	-3.533108333	4
None	Metamorphosis Foundation	http://www.metamorphosis.org.mk	fmeta	Skopje	Republic of Macedonia	Europe	41.98333333	21.43333333	1
Grantees	Metropolitan New York Library Council	https://www.metro.org	mnylc	New York City	United States of America	North America	40.67	-73.94	5
Mozfest Facilitator	Metropolitan New York Library Council	https://metro.org/	mnylc	New York City	United States of America	North America	40.67	-73.94	4
Funders	MIT Media Lab	http://www.media.mit.edu	medialab	Cambridge	United States of America	North America	42.375	-71.10611111	5
Grantees	MIT Media Lab	http://www.media.mit.edu	medialab	Cambridge	United States of America	North America	42.375	-71.10611111	5
Open leaders	MIT Media Lab	http://www.media.mit.edu	medialab	Cambridge	United States of America	North America	42.375	-71.10611111	4
Grantees	mod_md	https://github.com/icing/mod_md							5
Grantees	Modern Poland Foundation	https://nowoczesnapolska.org.pl/	polish_fndtn	Warsaw	Poland	Europe	52.21666667	21.03333333	5
Open leaders	MongoDB, Inc.	https://www.mongodb.com/	MongoDB	Palo Alto	United States of America	North America	37.42916667	-122.1380556	4
Grantees	Motion Media Arts Center	https://austinfilmschool.org/	austinsof	Austin	United States of America	North America	30.3	-97.73333333	5
None	Motoon	https://www.motoon.org/	Not on Twitter	Cairo	Egypt	Africa	30.05611111	31.23944444	1
Grantees	MOUSE Inc.	https://mouse.org/	mouse_org	New York City	United States of America	North America	40.67	-73.94	5
Mozfest Speakers	Mozilla	https://www.mozilla.org/	mozilla	San Francisco	United States of America	North America	37.766667	-122.433333	4
None	Mozilla	https://www.mozilla.org/	mozilla	San Francisco	United States of America	North America	37.766667	-122.433333	1
OWF Host Org Applicants	MPower Change	https://mpowerchange.org/	mpower_change	New York City	United States of America	North America	40.67	-73.94	3
Mozfest Facilitator	Mu Sigma Inc.	http://www.mu-sigma.com	musigmainc	Northbrook Court	United States of America	North America	42.1503	-87.8169	4
Grantees	Multnomah County Library	http://www.multcolib.org/	multcolib	Multnomah County Library	United States of America	North America	45.5189	-122.683	5
Mozfest Facilitator	Multnomah County Library	http://www.multcolib.org/	multcolib	Multnomah County Library	United States of America	North America	45.5189	-122.683	4
Grantees	Museum of Science and Industry	https://www.msichicago.org/	msichicago	Chicago	United States of America	North America	41.9	-87.65	5
OWF Host Org Applicants	Muslim Advocates	https://www.muslimadvocates.org/	MuslimAdvocates	Oakland	United States of America	North America	37.8	-122.25	3
None	Myanmar ICT for Development Organization	http://www.myanmarido.org	Not on Twitter		Myanmar	Asia			1
OWF Host Org Applicants	namibian youth for community upliftmend								3
Grantees	National Cyber Security Alliance	http://www.staysafeonline.org/	staysafeonline	Washington, D.C.	United States of America	North America	38.895	-77.03666667	5
Mozfest Facilitator	National Digital Inclusion Alliance	https://www.digitalinclusion.org	netinclusion						4
None	National Digital Inclusion Alliance	https://www.digitalinclusion.org	netinclusion						1
Grantees	National Museum of Mexican Art	http://www.nationalmuseumofmexicanart.org/	ExploreNMMA	Chicago	United States of America	North America	41.9	-87.65	5
Funders	National Science Foundation	http://www.nsf.gov/	NSF	Alexandria	United States of America	North America	38.80472222	-77.04722222	5
Grantees	Neighborhood Economic Development Corporation	https://nedcocdc.org/	nedcocdc	Springfield	United States of America	North America	44.05305556	-122.9911111	5
Funders	Netflix	https://www.netflix.com	netflix	Los Gatos	United States of America	North America	37.23611111	-121.9616667	5
IHR Contributors	Netgov	http://net-gov.org/							4
Grantees	Netroots Foundation	https://www.netrootsfoundation.org/	netroots_nation	Kansas City	United States of America	North America	39.05	-94.58333333	5
None	Netsquared	https://netsquared.org/	netsquared						1
OWF Host Org Applicants	Netsquared kenya	https://netsquared.org/	netsquared						3
None	Netzpolitik.org	https://netzpolitik.org	netzpolitik	Berlin	Germany	Europe	52.51666667	13.38333333	1
OWF Host Org Applicants	Netzpolitik.org	https://netzpolitik.org	netzpolitik	Berlin	Germany	Europe	52.51666667	13.38333333	3
Mozfest Facilitator	NeuroTechX	http://neurotechx.com/	neurotechx	Montreal	Canada	North America	45.508056	-73.555	4
Open leaders	NeuroTechX	http://neurotechx.com/	neurotechx	Montreal	Canada	North America	45.508056	-73.555	4
Grantees	New America Foundation	https://www.newamerica.org/	newamerica	Washington, D.C.	United States of America	North America	38.895	-77.03666667	5
Mozfest Facilitator	New America Foundation	https://www.newamerica.org/	newamerica	Washington, D.C.	United States of America	North America	38.895	-77.03666667	4
Open leaders	New America Foundation	https://www.newamerica.org/	newamerica	Washington, D.C.	United States of America	North America	38.895	-77.03666667	4
OWF Host Org Applicants	New America Foundation	https://www.newamerica.org/	newamerica	Washington, D.C.	United States of America	North America	38.895	-77.03666667	3
None	new freedome program								1
None	New School Digital Equity Lab	https://www.newschool.edu/digital-equity-lab/	thenewschool	New York City	United States of America	North America	40.67	-73.94	1
Mozfest Facilitator	New York City Department of Education	http://schools.nyc.gov/	nycschools	New York City	United States of America	North America	40.67	-73.94	4
Open leaders	New York City Foundation for Computer Science Education	https://www.csnyc.org/	csnyc	New York City	United States of America	North America	40.67	-73.94	4
OWF Host Org Applicants	New York Civil Liberties Union	https://www.nyclu.org/	NYCLU	New York City	United States of America	North America	40.67	-73.94	3
Funders	New York Community Trust	www.nycommunitytrust.org/	nycommtrust	New York City	United States of America	North America	40.67	-73.94	5
Grantees	New York Community Trust	www.nycommunitytrust.org/	nycommtrust	New York City	United States of America	North America	40.67	-73.94	5
Open leaders	New York Hall of Science (NYSCI)	https://nysci.org/	nysci	New York City	United States of America	North America	40.67	-73.94	4
None	New York Public Library	http://www.nypl.org/	nypl	New York City	United States of America	North America	40.67	-73.94	1
Open leaders	Newbook DIgital Texts	http://www.newbookdigitaltexts.org/	newbook_texts/	Seattle	United States of America	North America	47.6	-122.3166667	4
Funders	News Integrity Intiative	https://www.journalism.cuny.edu/centers/news-integrity-initiative/	cunyjschool	New York City	United States of America	North America	40.67	-73.94	5
Mozfest Facilitator	NEXMAP	http://www.nexmap.org/	sfnexmap	San Francisco	United States of America	North America	37.766667	-122.433333	4
Open leaders	NEXMAP	http://www.nexmap.org/	sfnexmap	San Francisco	United States of America	North America	37.766667	-122.433333	4
OWF Host Org Applicants	Next Century Cities	http://nextcenturycities.org/	nextcentcit	Boston	United States of America	North America	42.35777778	-71.06166667	3
None	NL Net Foundation (Netherlands)	https://nlnet.nl/	nlnetlabs	Amsterdam	Netherlands	Europe	52.38333333	4.9	1
None	Nodo TAU	http://www.tau.org.ar	Not on Twitter	Santa Fe	Argentina	South America	-31.63333333	-60.7	1
Grantees	NonVisual Desktop Access	http://www.nvaccess.org/	nvAccess	Brisbane	Australia	Oceania	-27.46777778	153.0277778	5
Grantees	North Park Village Nature Center of the Chicago Park District	https://www.chicagoparkdistrict.com/parks-facilities/north-park-village-nature-center	chicagoparks	Chicago	United States of America	North America	41.9	-87.65	5
Mozfest Facilitator	Northern Ireland Raspberry Jam	https://www.raspberrypi.org/blog/northern-irelands-first-raspberry-jams/	niraspjam	Derry	Northern Ireland	Europe	54.99166667	-7.341666667	4
None	Núcleo de Pesquisas, Estudos e Formação	http://www.nupef.org.br	Not on Twitter	Rio de Janeiro	Brazil	South America	-22.90833333	-43.19638889	1
Mozfest Facilitator	Nucleus Learning Network	http://www.nucleuslearningnetwork.org/	nucleusatx	Austin	United States of America	North America	30.3	-97.73333333	4
Open leaders	Nucleus Learning Network	http://www.nucleuslearningnetwork.org/	nucleusatx	Austin	United States of America	North America	30.3	-97.73333333	4
Open leaders	NYC Mayor's Office of Data Analytics (MODA)	http://www1.nyc.gov/site/analytics/index.page	NYCAnalytics	New York City	United States of America	North America	40.67	-73.94	4
Open leaders	O Foundation	https://theofdn.org/	ofdnorg	Bhubaneswar	India	Asia	20.26444444	85.82805556	4
Mozfest Facilitator	Ocado	https://www.ocado.com/webshop/startWebshop.do	ocado	Hatfield	United Kingdom	Europe	51.762	-0.228	4
None	Ogunte	https://www.ogunte.com/	ogunte	London	United Kingdom	Europe	51.50722222	-0.1275	1
None	Omidyar Network	http://www.omidyar.com/	OmidyarNetwork	Redwood City	United States of America	North America	37.48277778	-122.2361111	1
None	One World Platform	http://oneworldplatform.net/	owplatform		Bosnia and Herzegovina	Europe			1
Mozfest Facilitator	Open Austin	https://www.open-austin.org/	openaustin	Austin	United States of America	North America	30.3	-97.73333333	4
Open leaders	Open Austin	https://www.open-austin.org/	openaustin	Austin	United States of America	North America	30.3	-97.73333333	4
None	Open Data Institute	http://theodi.org/	ODIHQ	London	United Kingdom	Europe	51.50722222	-0.1275	1
OWF Host Org Applicants	Open Data Institute	http://theodi.org/	ODIHQ	London	United Kingdom	Europe	51.50722222	-0.1275	3
Open leaders	Open Data Kit	https://opendatakit.org/	OpenDataKit	Seattle	United States of America	North America	47.6	-122.3166667	4
None	Open Forum Foundation	https://open4m.org/		Washington, D.C.	United States of America	North America	38.895	-77.03666667	1
None	Open Government Partnership	http://www.opengovpartnership.org/	opengovpart	Washington, D.C.	United States of America	North America	38.895	-77.03666667	1
None	Open Institute	http://www.open.org.kh/en			Cambodia	Asia			1
None	Open Knowledge International	https://www.okfn.org/	OKFN	Cambridge	United States of America	North America	42.375	-71.10611111	1
Mozfest Facilitator	Open Knowledge Maps	https://openknowledgemaps.org/	ok_maps						4
Open leaders	Open Knowledge Nepal	https://np.okfn.org/	okfn_np						4
Mozfest Facilitator	Open Lab Games	https://www.open-lab.com/games/	robicch	Florence	Italy	Europe	43.77138889	11.25416667	4
None	open media	https://openmedia.org	openmediaorg	Vancouver	Canada	North America	49.25	-123.1	1
OWF Host Org Applicants	Open Media	https://openmedia.org	openmediaorg	Vancouver	Canada	North America	49.25	-123.1	3
Mozfest Facilitator	Open Rights Group	http://openrightsgroup.org/	openrightsgroup	London	United Kingdom	Europe	51.50722222	-0.1275	4
Funders	Open Society Foundations	https://www.opensocietyfoundations.org/	OpenSociety	New York City	United States of America	North America	40.67	-73.94	5
None	Open Society Foundations	https://www.opensocietyfoundations.org/	OpenSociety	New York City	United States of America	North America	40.67	-73.94	1
None	Open Society Foundations - Human Rights Initiative	https://www.opensocietyfoundations.org/about/programs/human-rights-initiative	opensociety	New York City	United States of America	North America	40.67	-73.94	1
Open leaders	Open Source Circular Economy Days	https://oscedays.org/	oscedays	Berlin	Germany	Europe	52.51666667	13.38333333	4
None	Open Technology Fund	https://www.opentech.fund/	OpenTechFund	Washington, D.C.	United States of America	North America	38.895	-77.03666667	1
None	Open Technology Institute	https://www.newamerica.org/oti/	OTI	Washington, D.C.	United States of America	North America	38.895	-77.03666667	1
Mozfest Facilitator	Open Technology Institute and Research Action Design	https://www.newamerica.org/oti/	NewAmerica	Washington, D.C.	United States of America	North America	38.895	-77.03666667	4
OWF Host Org Applicants	OpenForum Europe	http://www.openforumeurope.org/	openforumeurope	Brussels	Belgium	Europe	50.8467	4.3547	3
Open leaders	OpenGov Foundation	https://opengovfoundation.org	opengovfdn	Washington, D.C.	United States of America	North America	38.895	-77.03666667	4
Grantees	OpenMedia Engagement Network	https://openmedia.org/	openmediaorg	Vancouver	Canada	North America	49.25	-123.1	5
Open leaders	OpenML	openml.org/	open_ml	Eindhoven	Netherlands	Europe	51.43444444	5.484166667	4
Grantees	OpenNews	https://opennews.org/	opennews	Los Angeles	United States of America	North America	34.05	-118.25	5
Mozfest Facilitator	openSNP	https://opensnp.org/	openSNPorg						4
Open leaders	openSNP	https://opensnp.org/	openSNPorg						4
Mozfest Facilitator	OpenSpeaks	https://openspeaks.com/	OpenSpeaks						4
None	Organization for Security and Co-operation in Europe	http://www.osce.org	OSCE	Vienna	Austria	Europe	48.20833	16.373064	1
Mozfest Facilitator	Our Data Bodies Project, London School of Economics	http://www.lse.ac.uk/media-and-communications/research/research-projects/our-data-bodies	LSEnews	London	United Kingdom	Europe	51.50722222	-0.1275	4
IHR Contributors	Oxford Internet Institute	http://www.oii.ox.ac.uk/	oiioxford	Oxford	United Kingdom	Europe	51.75194444	-1.257777778	4
None	Oxford Internet Institute	http://www.oii.ox.ac.uk/	oiioxford	Oxford	United Kingdom	Europe	51.75194444	-1.257777778	1
Mozfest Facilitator	PAERE	http://www.mypaere.com/	PAERE_	Toronto	Canada	North America	43.7	-79.4	4
Open leaders	PAERE	http://www.mypaere.com/	PAERE_	Toronto	Canada	North America	43.7	-79.4	4
OWF Host Org Applicants	Paradigm Initiative	https://pinigeria.org/	paradigmhq						3
None	Paradigm Initiative	https://pinigeria.org/	ParadigmHQ	Yaba	Nigeria	Africa	6.5097	3.3863	1
Grantees	Paradigm Initiative for Information Technology Development	https://pinigeria.org/	paradigmhq						5
None	paradigm initiative nigeria	https://pinigeria.org/	paradigmhq						1
Grantees	Partnership for After School Education	https://pasesetter.org/	pasesetter	New York City	United States of America	North America	40.67	-73.94	5
Grantees	PeARS								5
Open leaders	Peer to Peer University	https://www.p2pu.org	p2pu	San Francisco	United States of America	North America	37.766667	-122.433333	4
Mozfest Facilitator	Pell Ensemble	https://www.pellensemble.com/	PellEnsemble	London	United Kingdom	Europe	51.50722222	-0.1275	4
OWF Host Org Applicants	PEN American Center DBA PEN America	https://pen.org/	penamerican	New York City	United States of America	North America	40.67	-73.94	3
Grantees	Pennez LLC	http://pennez.com/	pennez1	Kansas City	United States of America	North America	39.05	-94.58333333	5
Grantees	PenPal Schools	https://www.penpalschools.com/	penpalschools	Austin	United States of America	North America	30.3	-97.73333333	5
None	Pew Research Center	http://www.pewresearch.org/	pewresearch	Washington, D.C.	United States of America	North America	38.895	-77.03666667	1
Grantees	Phaser	https://phaser.io/	phaser_	London	United Kingdom	Europe	51.50722222	-0.1275	5
Open leaders	Planet Friendly Web	https://www.planetfriendlyweb.org/	planfriendlyweb						4
Grantees	PlanIT Impact	https://www.planitimpact.com/	planitimpact	Kansas City	United States of America	North America	39.05	-94.58333333	5
Open leaders	Playworks	http://www.playworks.org	Playworks	Oakland	United States of America	North America	37.8	-122.25	4
Mozfest Facilitator	Pockets Change	http://www.pocketschange.com/	PocketsChange	New York City	United States of America	North America	40.67	-73.94	4
Open leaders	Pockets Change	http://www.pocketschange.com/	PocketsChange	New York City	United States of America	North America	40.67	-73.94	4
None	Point of View	http://pointofview.org/	povmumbai	Mumbai	India	Asia	18.96666667	72.83333333	1
None	Point of View	http://pointofview.org/	povmumbai	Mumbai	India	Asia	18.96666667	72.83333333	1
Open leaders	Powered by Data	https://poweredbydata.org/	pwrd_by_data	Montreal	Canada	North America	45.508056	-73.555	4
Grantees	PREreview	prereview.org	PREreview_						5
Mozfest Speakers	Pretty Easy privacy	https://www.prettyeasyprivacy.com/	Project_pEp						4
Open leaders	Pride Foundation	http://pridefoundation.org/	PrideFdn	Seattle	United States of America	North America	47.6	-122.3166667	4
None	Privacy Enhancing Technologies Symposium (PETS)	https://petsymposium.org/	PET_Symposium						1
IHR Contributors	Privacy International	http://www.privacyinternational.org/	privacyint	London	United Kingdom	Europe	51.50722222	-0.1275	4
None	Privacy International	http://www.privacyinternational.org/	privacyint	London	United Kingdom	Europe	51.50722222	-0.1275	1
OWF Host Org Applicants	Privacy International	http://www.privacyinternational.org/	privacyint	London	United Kingdom	Europe	51.50722222	-0.1275	3
Mozfest Speakers	Project Isizwe	http://www.projectisizwe.org/	ProjectIsizwe	Pretoria	South Africa	Africa	-25.74638889	28.18805556	4
Mozfest Speakers	ProPublica	https://www.propublica.org/	ProPublica	New York City	United States of America	North America	40.67	-73.94	4
None	ProPublica	https://www.propublica.org/	ProPublica	New York City	United States of America	North America	40.67	-73.94	1
OWF Host Org Applicants	ProPublica	https://www.propublica.org/	ProPublica	New York City	United States of America	North America	40.67	-73.94	3
None	PROTEGE QV	http://www.protegeqv.org	PROTEGEQV	Yaounde	Cameroon	Africa	3.857777778	11.51805556	1
Mozfest Facilitator	Protocol Labs	https://protocol.ai/	protocollabs						4
None	Prototype Fund	https://prototypefund.de/en/	prototypefund						1
Grantees	Providence Public Library	http://www.provlib.org/	provlib	Providence	United States of America	North America	41.83083333	-71.415	5
Mozfest Facilitator	Providence Public Library	http://www.provlib.org/	provlib	Providence	United States of America	North America	41.83083333	-71.415	4
None	Providence Public Library	http://www.provlib.org/	provlib	Providence	United States of America	North America	41.83083333	-71.415	1
OWF Host Org Applicants	Public Knowledge	http://publicknowledge.org	publicknowledge	Washington, D.C.	United States of America	North America	38.895	-77.03666667	3
OWF Host Org Applicants	Public Knowledge Workshop (PKW)	http://www.hasadna.org.il	hasadna						3
Open leaders	Push The World	https://www.pushtheworldllc.com/	pushtheworldbci	New York City	United States of America	North America	40.67	-73.94	4
Grantees	PyPy	https://pypy.org/							5
Grantees	Python Package Index	https://pypi.python.org/pypi	ThePSF						5
Mozfest Facilitator	Quicksand	http://quicksand.co.in/	helloQS						4
OWF Host Org Applicants	R Street Institute	http://www.rstreet.org/	RSI	Washington, D.C.	United States of America	North America	38.895	-77.03666667	3
None	Radio Free Asia	http://rfa.org	RadioFreeAsia	Washington, D.C.	United States of America	North America	38.895	-77.03666667	1
Grantees	Rangeview Library District			Denver	United States of America	North America	39.73916667	-104.9847222	5
IHR Contributors	Ranking Digital Rights	https://rankingdigitalrights.org	rankingrights	Washington, D.C.	United States of America	North America	38.895	-77.03666667	4
OWF Host Org Applicants	Ranking Digital Rights	https://rankingdigitalrights.org	rankingrights	Washington, D.C.	United States of America	North America	38.895	-77.03666667	3
Mozfest Facilitator	Raspberry Pi Foundation	https://www.raspberrypi.org/	Raspberry_Pi	Cambridge	United States of America	North America	42.375	-71.10611111	4
None	Raspberry Pi Foundation	http://www.raspberrypi.org/about	Raspberry_Pi	Cambridge	United States of America	North America	42.375	-71.10611111	1
Mozfest Facilitator	RaspiKidd	https://www.raspikidd.com/	RaspiKidd	Perth	United Kingdom	Europe	56.39527778	-3.431666667	4
Grantees	Read the Docs	https://readthedocs.org/	readthedocs	Portland	United States of America	North America	45.51666667	-122.6666667	5
None	Reading and Writing Foundation	http://www.readingfoundation.com/	TheReadF	Calgary	Canada	North America	51.05	-114.0666667	1
None	Red Hat	https://www.redhat.com/	RedHat	Raleigh	United States of America	North America	35.81888889	-78.64472222	1
Open leaders	Red Hat	https://www.redhat.com/	RedHat	Raleigh	United States of America	North America	35.81888889	-78.64472222	4
Grantees	Redefining Women in Tech	https://redefiningwomenintech.com/	rewomenintech	Eugene	United States of America	North America	44.05194444	-123.0855556	5
None	RedesAyuda	https://redesayuda.org/	RedesAyuda		Venezuela	South America			1
Mozfest Facilitator	RedThread.Media	https://redthreadmedia.squarespace.com/							4
Grantees	Reel Stories Teen Filmmaking	http://www.reelworks.org/	ReelWorks	New York City	United States of America	North America	40.67	-73.94	5
Grantees	Regent Park Focus Youth Media Arts Centre	http://www.regentparkfocus.com/	RegentParkFocus	Toronto	Canada	North America	43.7	-79.4	5
Grantees	Renewable Freedom Foundation	https://renewablefreedom.org/		Hof	Germany	Europe	50.31666667	11.91666667	5
None	Renewable Freedom Foundation	https://renewablefreedom.org/		Hof	Germany	Europe	50.31666667	11.91666667	1
OWF Host Org Applicants	Renewable Freedom Foundation	https://renewablefreedom.org/		Hof	Germany	Europe	50.31666667	11.91666667	3
OWF Host Org Applicants	Research Action Design (RAD)	http://rad.cat/							3
IHR Contributors	Research ICT Africa	https://researchictafrica.net/	RIAnetwork	Cape Town	South Africa	Africa	-33.925	18.425	4
None	Research ICT Africa	https://researchictafrica.net/	RIAnetwork	Cape Town	South Africa	Africa	-33.925	18.425	1
Open leaders	Research ICT Africa	https://researchictafrica.net/	RIAnetwork	Cape Town	South Africa	Africa	-33.925	18.425	4
OWF Host Org Applicants	Research ICT Africa	https://researchictafrica.net/	RIAnetwork	Cape Town	South Africa	Africa	-33.925	18.425	3
Mozfest Facilitator	Resilient Communities NYC	https://www.newamerica.org	NewAmerica	Washington, D.C.	United States of America	North America	38.895	-77.03666667	4
Grantees	Review Board	https://www.reviewboard.org/	reviewboard	Palo Alto	United States of America	North America	37.42916667	-122.1380556	5
None	Rhizomática	https://rhizomatica.org/	rhizomatica		Mexico	North America			1
Grantees	Right to Play International	http://www.righttoplay.com/Pages/default.aspx	RightToPlayIntl						5
None	RightsCon	https://www.rightscon.org/	rightscon						1
IHR Contributors	RIPE	https://www.ripe.net/	(many)						4
Grantees	Riseup	https://riseup.net	riseupnet	Seattle	United States of America	North America	47.6	-122.3166667	5
Mozfest Facilitator	Riseup	https://riseup.net	riseupnet	Seattle	United States of America	North America	47.6	-122.3166667	4
None	Riseup	http://riseup.net	riseupnet	Seattle	United States of America	North America	47.6	-122.3166667	1
Funders	Rita Allen Foundation	http://www.ritaallen.org/		Princeton	United States of America	North America	41.3786	-89.4669	5
Grantees	River City Youth Foundation	http://rivercityyouth.com/	RiverCityYouth	Austin	United States of America	North America	30.3	-97.73333333	5
None	Robert W Deutsch Foundation	http://www.rwdfoundation.org/	DeutschFound	Baltimore	United States of America	North America	39.28638889	-76.615	1
None	Rory Peck Trust	https://rorypecktrust.org/	rorypecktrust	London	United Kingdom	Europe	51.50722222	-0.1275	1
Grantees	Rust Language	https://www.rust-lang.org/en-US/index.html	rustlang						5
Mozfest Facilitator	Rust Language	https://www.rust-lang.org/en-US/index.html	rustlang						4
Open leaders	Rust Language	https://www.rust-lang.org/en-US/index.html	rustlang						4
Mozfest Facilitator	Sage Bionetworks	http://sagebase.org/	sagebio	Seattle	United States of America	North America	47.6	-122.3166667	4
Open leaders	Sage Bionetworks	http://sagebase.org/	sagebio	Seattle	United States of America	North America	47.6	-122.3166667	4
Mozfest Facilitator	Science Hack Day	http://sciencehackday.org/	sciencehackday						4
Open leaders	Science Hack Day	http://sciencehackday.org/	sciencehackday						4
None	secure scuttlebutt	https://github.com/ssbc							1
Grantees	SecureDrop	https://securedrop.org							5
Mozfest Facilitator	See Think Make	https://www.seethinkmake.co.uk/	seethinkmakeart						4
Open leaders	See Think Make	https://www.seethinkmake.co.uk/	seethinkmakeart						4
Grantees	Seneca College	http://www.senecacollege.ca/							5
None	SETUP				Netherlands	Europe			1
Mozfest Facilitator	Share Foundation	https://sharefound.org/	sharefound	Aylesbury	United Kingdom	Europe	51.83333333	-0.8333333333	4
Mozfest Facilitator	Share the Facts	http://www.sharethefacts.org/	sharethefact	Durham	United States of America	North America	35.9875	-78.907222	4
Grantees	Shedd Aquarium	http://www.sheddaquarium.org	shedd_aquarium	Chicago	United States of America	North America	41.9	-87.65	5
None	Shuttleworth Foundation	https://www.shuttleworthfoundation.org/	ShuttleworthFdn	Durbanville	South Africa	Africa	-33.81666667	18.85	1
None	SIDA	https://www.sida.se	Sida	Stockholm	Sweden	Europe	59.32944444	18.06861111	1
Funders	Siegel Family Endowment	http://www.siegelendowment.org	segalfoundation	New York City	United States of America	North America	40.67	-73.94	5
None	Siegel Family Endowment	http://www.siegelendowment.org	segalfoundation	New York City	United States of America	North America	40.67	-73.94	1
Mozfest Facilitator	Siroop	https://siroop.ch/	siroop_ch	Zürich	Switzerland	Europe	47.37861111	8.54	4
Mozfest Facilitator	Sitewards GmbH	https://www.sitewards.com	sitewards	Frankfurt	Germany	Europe	50.11361111	8.679722222	4
Grantees	Sky’s the Limit Youth Organization	http://www.STLonline.org		Toronto	Canada	North America	43.7	-79.4	5
Mozfest Facilitator	Small Media	https://smallmedia.org.uk/	small_media	London	United Kingdom	Europe	51.50722222	-0.1275	4
Open leaders	Smart Chicago	http://www.smartchicagocollaborative.org/	Smartchicago	Chicago	United States of America	North America	41.9	-87.65	4
IHR Contributors	SMEX	https://smex.org/	SMEX	Beirut	Lebanon	Asia	33.88694444	35.51305556	4
None	Social Media Exchange	http://www.smex.org/	SMEX	Beirut	Lebanon	Asia	33.88694444	35.51305556	1
None	Social Media Exchange	https://smex.org	SMEX	Beirut	Lebanon	Asia	33.88694444	35.51305556	1
None	Society for Promotion of Alternative Computing and Employment	http://www.space-kerala.org/	SPACE_KERALA	Thiruvananthapuram	India	Asia	8.5	76.89972222	1
Grantees	Software Freedom Conservancy	http://www.sfconservancy.org	conservancy	New York City	United States of America	North America	40.67	-73.94	5
Mozfest Speakers	Software Freedom Law Center	http://www.softwarefreedom.org/	sflc	New York City	United States of America	North America	40.67	-73.94	4
None	South by Southwest	https://www.sxsw.com/							1
Mozfest Facilitator	South London Rasppberry jam	http://southlondonraspberryjam.org.uk/	slraspberryjam	London	United Kingdom	Europe	51.50722222	-0.1275	4
None	Southern African NGO Network	http://www.sangonet.org.za	SANGONeT	Johannesburg	South Africa	Africa	-26.145	28.05027778	1
None	SPARC	https://sparcopen.org	SPARC_NA	Washington, D.C.	United States of America	North America	38.895	-77.03666667	1
OWF Host Org Applicants	SPARC	https://sparcopen.org	SPARC_NA	Washington, D.C.	United States of America	North America	38.895	-77.03666667	3
None	Spectrum	https://feministspectrum.org/		Paris	France	Europe	48.85657778	2.351827778	1
Grantees	Speech Rule Engine	https://github.com/zorkow/speech-rule-engine/blob/master/NOTICE							5
None	spider oak	https://spideroak.com/	spideroak						1
Open leaders	sproutfund	http://www.sproutfund.org/	sproutfund	Pittsburgh	United States of America	North America	40.45	-80	4
Mozfest Facilitator	Startuple	http://startuple.works/	startuple	London	United Kingdom	Europe	51.50722222	-0.1275	4
Grantees	STEAMLabs	https://streamlabs.com/?l=pl-PL	STEAM_Labs	Toronto	Canada	North America	43.7	-79.4	5
Grantees	STEM From Dance	stemfromdance.org	stemfromdance	New York City	United States of America	North America	40.67	-73.94	5
Grantees	Stichting Global Voices	https://globalvoices.org/contact/	globalvoices	Amsterdam	Netherlands	Europe	52.38333333	4.9	5
Grantees	Stiftung Neue Verantwortung	http://www.stiftung-nv.de/	snv_berlin	Berlin	Germany	Europe	52.51666667	13.38333333	5
None	Stiftung Neue Verantwortung	http://www.stiftung-nv.de/	snv_berlin	Berlin	Germany	Europe	52.51666667	13.38333333	1
OWF Host Org Applicants	Stiftung Neue Verantwortung	http://www.stiftung-nv.de/	snv_berlin	Berlin	Germany	Europe	52.51666667	13.38333333	3
None	Stockholm Internet Forum (SIF)	http://www.stockholminternetforum.se/	fxinternet	Stockholm	Sweden	Europe	59.32944444	18.06861111	1
Mozfest Facilitator	Storj Labs	https://storj.io/	storjproject	Atlanta	United States of America	North America	33.75694444	-84.39027778	4
None	StrawberryNet Foundation	http://www.sbnet.ro	Not on Twitter	Sfântu Gheorghe	Romania	Europe	45.86361111	25.7875	1
Grantees	Studio MindStride	http://studiomindstride.com	MindStride	Chattanooga	United States of America	North America	35.04555556	-85.26722222	5
OWF Host Org Applicants	SumOfUs	http://www.sumofus.org/	SumOfUs	New York City	United States of America	North America	40.67	-73.94	3
OWF Host Org Applicants	Sunlight Foundation	http://sunlightfoundation.com/	sunfoundation	Washington, D.C.	United States of America	North America	38.895	-77.03666667	3
Open leaders	SunPy	http://sunpy.org/	SunPyProject						4
None	sunshine foundation	http://www.sunshine.ca/	SunshineFound	London	Canada	North America	42.9837	-81.2497	1
Grantees	Sweet Water Foundation	https://www.sweetwaterfoundation.com/	sweetwaterfdn	Chicago	United States of America	North America	41.9	-87.65	5
None	Syrian Archive	https://syrianarchive.org/	syrian_archive						1
Grantees	Tactical Technology Collective	https://tacticaltech.org/	info_Activism	Berlin	Germany	Europe	52.51666667	13.38333333	5
None	Tactical Technology Collective	https://tacticaltech.org/	info_Activism	Berlin	Germany	Europe	52.51666667	13.38333333	1
Grantees	Tails								5
Grantees	Tatoeba	http://tatoeba.org	tatoeba_org						5
Open leaders	Tech for Good	http://www.techforgood.global/	techforgoodtv	London	United Kingdom	Europe	51.50722222	-0.1275	4
Grantees	Tech Kids Unlimited	https://www.techkidsunlimited.org/	techkidsu	New York City	United States of America	North America	40.67	-73.94	5
OWF Host Org Applicants	TEDIC NGO	https://www.tedic.org/	TEDICpy	Asunción	Paraguay	South America	-25.3	-57.63333333	3
Mozfest Facilitator	TES Global	https://www.tes.com/tesglobal	tesglobalcorp	London	United Kingdom	Europe	51.50722222	-0.1275	4
None	Thai Netizen Network	https://thainetizen.org/	thainetizen	Bangkok	Thailand	Asia	13.75	100.5166667	1
None	the battle for the net coalition	https://www.battleforthenet.com/	battleforthenet						1
None	the center for humane technology	http://humanetech.com/	HumaneTech_	San Francisco	United States of America	North America	37.766667	-122.433333	1
Mozfest Facilitator	The Detroit Community Technology Project	https://www.alliedmedia.org/dctp	DetCommTech	Detroit	United States of America	North America	42.33166667	-83.0475	4
None	The Document Foundation	https://www.documentfoundation.org/	tdforg	Berlin	Germany	Europe	52.51666667	13.38333333	1
Mozfest Facilitator	The Educational Video Center	https://evc.org/	E_V_C_	New York City	United States of America	North America	40.67	-73.94	4
IHR Contributors	The Engine Room	https://www.theengineroom.org/	EngnRoom						4
Grantees	The Enterprise Center	http://www.theenterprisecenter.com/	PhilaTEC	Philadelphia	United States of America	North America	39.95305556	-75.16333333	5
Grantees	The Intern								5
Grantees	The Kansas University Endowment Association	http://kuendowment.org/Home	kuendowment	Lawrence	United States of America	North America	42.70694444	-71.16361111	5
Grantees	The Knowledge House	http://www.theknowledgehouse.org/	theknowledgehou	New York City	United States of America	North America	40.67	-73.94	5
Grantees	The LAMP	http://thelamp.org/	thelamp	New York City	United States of America	North America	40.67	-73.94	5
Open leaders	The New School	http://www.newschool.edu	TheNewSchool	New York City	United States of America	North America	40.67	-73.94	4
OWF Host Org Applicants	The Online Progressive Engagement Network	https://www.the-open.net/	theopen						3
Grantees	THE POINT CDC	https://thepoint.org/	THEPOINTCDC	New York City	United States of America	North America	40.67	-73.94	5
Mozfest Facilitator	The Public Education Foundation - Chattanooga, TN	http://www.pefchattanooga.org/	pefchattanooga	Chattanooga	United States of America	North America	35.04555556	-85.26722222	4
Mozfest Speakers	The Restart Project	https://therestartproject.org/	restartproject	London	United Kingdom	Europe	51.50722222	-0.1275	4
Funders	The Rockefelller Foundation	https://www.rockefellerfoundation.org/	RockefellerFdn	New York City	United States of America	North America	40.67	-73.94	5
None	the slower internet								1
Mozfest Facilitator	The Software Sustainability Institute	https://www.software.ac.uk/	SoftwareSaved	Edinburgh	United Kingdom	Europe	55.95	-3.198888889	4
Grantees	The Tor Project, Inc	https://www.torproject.org	torproject	Cambridge	United States of America	North America	42.375	-71.10611111	5
None	The Tor Project, Inc	https://www.torproject.org	torproject	Cambridge	United States of America	North America	42.375	-71.10611111	1
Open leaders	The Trust for Public Land	http://www.tpl.org	TPL_org	San Francisco	United States of America	North America	37.766667	-122.433333	4
Grantees	The Urban Farming Guys	theurbanfarmingguys.com	UrbanFarmingGuy	Kansas City	United States of America	North America	39.05	-94.58333333	5
None	The Womanity Foundation	http://womanity.org/	forwomanity	Geneva	Switzerland	Europe	46.2	6.15	1
Grantees	Theatre Action Project	https://creativeaction.org/tag/theatre-action-project		Austin	United States of America	North America	30.3	-97.73333333	5
None	tibet action institutue	https://tibetaction.net	tibetaction	Lhasa	People's Republic of China	Asia	29.65	91.1	1
IHR Contributors	Tidelift	https://tidelift.com	tidelift	Boston	United States of America	North America	42.35777778	-71.06166667	4
Mozfest Facilitator	Tirami Ltd	www.tirami.co.uk		Aberdeen	United Kingdom	Europe	57.15	-2.1	4
Grantees	Toledo-Lucas County Public Library	http://www.toledolibrary.org/	ToledoLibrary	Toledo	United States of America	North America	41.66666667	-83.58333333	5
Grantees	Tribeca Film Institute	https://tribecafilminstitute.org/	TribecaFilmIns	New York City	United States of America	North America	40.67	-73.94	5
Grantees	Trinity Animation Inc.	trinityanimation.com	TrinityANIM	Missouri City	United States of America	North America	39.23806	-94.30111	5
Grantees	Trustees of Princeton University	https://www.princeton.edu/vpsec/trustees/	princeton	Newark	United States of America	North America	40.73527778	-74.185	5
None	Turkey Blocks	https://turkeyblocks.org/	TurkeyBlocks		Turkey	Asia			1
Open leaders	Ubiquity Press	https://www.ubiquitypress.com/	ubiquitypress	London	United Kingdom	Europe	51.50722222	-0.1275	4
Mozfest Facilitator	UK Youth	https://www.ukyouth.org	UKYouth	London	United Kingdom	Europe	51.50722222	-0.1275	4
Open leaders	United Nations Office for Outer Space Affairs	http://www.unoosa.org/	UNOOSA	Vienna	Austria	Europe	48.20833	16.373064	4
Grantees	University of Dundee, Open IoT Studio	https://wiki.mozilla.org/Open_IoT	openiotstudio	Dundee	United Kingdom	Europe	56.464	-2.97	5
Mozfest Facilitator	University of Nottingham, Horizon Digital Economy Research institute	https://www.horizon.ac.uk	HorizonDER	Nottingham	United Kingdom	Europe	52.955	-1.149166667	4
None	Unverzagt von Have	unverzagtvonhave.com	uvhlaw	Hamburg	Germany	Europe	53.55	10	1
Grantees	Urban Arts	https://urbanartstoronto.org/	urbanartsto	Toronto	Canada	North America	43.7	-79.4	5
None	Urgent Action Fund for Women's Human Rights	https://urgentactionfund.org	UrgentAct	Oakland	United States of America	North America	37.8	-122.25	1
None	US State Department - Internet Freedom	https://www.state.gov/j/drl/internetfreedom/index.htm	StateDept	Washington, D.C.	United States of America	North America	38.895	-77.03666667	1
Grantees	Ushahidi	http://www.ushahidi.com/	ushahidi	Nairobi	Kenya	Africa	-1.283333333	36.81666667	5
Grantees	ViatoR VR LLC	viatorvr.com	ViatoR_vr	Chattanooga	United States of America	North America	35.04555556	-85.26722222	5
Grantees	Vibe Arts	https://vibearts.ca	VIBEArtsTO	Toronto	Canada	North America	43.7	-79.4	5
Grantees	Visions of Science Network for Learning	http://www.vosnl.org/	visionsofsci	Toronto	Canada	North America	43.7	-79.4	5
Mozfest Facilitator	Visual Thinkery	https://visualthinkery.com/	visualthinkery	London	United Kingdom	Europe	51.50722222	-0.1275	4
OWF Host Org Applicants	Visualizing Impact	https://visualizingimpact.org/	ImpactVI	Toronto	Canada	North America	43.7	-79.4	3
None	Visualizing Impact	https://visualizingimpact.org/	ImpactVI	Toronto	Canada	North America	43.7	-79.4	1
None	Voices for Interactive Choice & Empowerment	http://www.voicebd.org		Dhaka	Bangladesh	Asia	23.7	90.36666667	1
Mozfest Facilitator	Vubble	https://www.vubblepop.com/	vubblePOP	Toronto	Canada	North America	43.7	-79.4	4
None	Wallace Global Fund	wgf.org/	WallaceGlobal	Washington, D.C.	United States of America	North America	38.895	-77.03666667	1
Mozfest Facilitator	We Are Open Co-op	weareopen.coop/	weareopencoop						4
None	Web Networks	http://www.web.net	web_networks	Toronto	Canada	North America	43.7	-79.4	1
Grantees	webpack	https://webpack.js.org/	webpack						5
Open leaders	WGBH	http://www.wgbh.org/	wgbh	Boston	United States of America	North America	42.35777778	-71.06166667	4
Mozfest Facilitator	White Market Podcast	https://www.whitemarketpodcast.co.uk/	whitemarketpodcast	Lisbon	Portugal	Europe	38.71666667	-9.166666667	4
Open leaders	White Market Podcast	https://www.whitemarketpodcast.co.uk/	whitemarketpodcast	Lisbon	Portugal	Europe	38.71666667	-9.166666667	4
Mozfest Speakers	Whose Knowledge	https://whoseknowledge.org/	WhoseKnowledge	San Francisco	United States of America	North America	37.766667	-122.433333	4
Mozfest Facilitator	Wikimedia Foundation	https://wikimediafoundation.org/	Wikimedia	San Francisco	United States of America	North America	37.766667	-122.433333	4
Mozfest Speakers	Wikimedia Foundation	https://wikimediafoundation.org/	Wikimedia	San Francisco	United States of America	North America	37.766667	-122.433333	4
None	Wikimedia Foundation	https://wikimediafoundation.org/	Wikimedia	San Francisco	United States of America	North America	37.766667	-122.433333	1
Open leaders	Wikimedia Foundation	https://wikimediafoundation.org/	Wikimedia	San Francisco	United States of America	North America	37.766667	-122.433333	4
OWF Host Org Applicants	Wikimedia Foundation	https://wikimediafoundation.org/	Wikimedia	San Francisco	United States of America	North America	37.766667	-122.433333	3
None	Wikimedia France	https://www.wikimedia.fr/	Wikimedia_Fr	Paris	France	Europe	48.85657778	2.351827778	1
None	Wikimedia Germany	https://wikimedia.de/	WikimediaDE	Berlin	Germany	Europe	52.51666667	13.38333333	1
Open leaders	WikiPathways	https://www.wikipathways.org/	WikiPathways	San Francisco	United States of America	North America	37.766667	-122.433333	4
Open leaders	Wild Tree Tech	http://www.wildtreetech.com/	wildtreetech	Zürich	Switzerland	Europe	47.37861111	8.54	4
Grantees	Wildlife Conservation Society	https://www.wcs.org/	thewcs	New York City	United States of America	North America	40.67	-73.94	5
Grantees	Willie Mae Rock Camp for Girls	https://williemaerockcamp.org/	williemaerock	New York City	United States of America	North America	40.67	-73.94	5
Grantees	Willoughby-Eastlake Public Library	https://we247.org/	WELibrary	Toledo	United States of America	North America	41.66666667	-83.58333333	5
None	WITNESS	https://witness.org/	witnessorg	New York City	United States of America	North America	40.67	-73.94	1
None	Women of Uganda Network	http://www.wougnet.org/home/	wougnet	Kampala	Uganda	Africa	0.3136111111	32.58111111	1
None	Women'sNet	http://www.womensnet.org.za/	WomensNet_ZA	Johannesburg	South Africa	Africa	-26.145	28.05027778	1
None	World Economic Forum (WEF) Internet for All	https://www.weforum.org/projects/internet-for-all	wef	Geneva	Switzerland	Europe	46.2	6.15	1
None	World Intellectual Property Organization	http://www.wipo.int/	WIPO	Geneva	Switzerland	Europe	46.2	6.15	1
None	World Wide Web Consortium	https://www.w3.org/	w3c	Cambridge	United States of America	North America	42.375	-71.10611111	1
IHR Contributors	World Wide Web Foundation	https://webfoundation.org/	webfoundation	Washington, D.C.	United States of America	North America	38.895	-77.03666667	4
Mozfest Facilitator	World Wide Web Foundation	https://webfoundation.org/	webfoundation	Washington, D.C.	United States of America	North America	38.895	-77.03666667	4
Mozfest Speakers	World Wide Web Foundation	https://webfoundation.org/	webfoundation	Washington, D.C.	United States of America	North America	38.895	-77.03666667	4
None	World Wide Web Foundation	https://webfoundation.org/	webfoundation	Washington, D.C.	United States of America	North America	38.895	-77.03666667	1
Open leaders	WorldBrain.io	https://worldbrain.io/	worldbrain	Berlin	Germany	Europe	52.51666667	13.38333333	4
Grantees	Youth Empowering Parents	yepeducation.com/	YEPeducation	Toronto	Canada	North America	43.7	-79.4	5
Grantees	YWCA Toronto	https://www.ywcatoronto.org/	YWCAToronto	Toronto	Canada	North America	43.7	-79.4	5
None	Zenzeleni Networks	http://zenzeleni.net/	ZenzeleniNet	Ngqeleni	South Africa	Africa	-31.67	29.028	1
